TransactionID,SaleDate,CustomerID,ProductID,StoreID,CampaignID,SaleAmount,DiscountAmount,State
1,5/4/2025,1034,2059,402,0,2048.2,20,MO
2,5/4/2025,1066,2048,403,1,321.87,17,MN
3,5/4/2025,1116,2041,403,3,3216.84,25,IA
4,5/4/2025,1071,2096,404,2,1613.23,10,TX
5,5/4/2025,1020,2060,401,0,408.38,5,MO
6,5/4/2025,1089,2028,401,0,1275.88,20,MN
7,5/4/2025,1193,2003,402,1,346.66,5,IA
8,5/4/2025,1005,2079,402,1,855.49,10,TX
9,5/4/2025,1032,2060,401,1,735.08,60,MO
10,5/4/2025,1119,2089,403,2,661.63,50,MN
11,5/4/2025,1042,2077,401,,505.65,25,IA
12,5/4/2025,1079,2013,401,2,0,1,TX
13,5/4/2025,1147,2086,404,3,4470.5,20,MO
14,5/4/2025,1183,2025,401,1,503.32,17,MN
15,5/4/2025,1026,2089,403,0,413.52,25,IA
16,5/4/2025,1144,2005,403,3,1715.12,10,TX
17,5/4/2025,1169,2047,401,2,535.97,5,MO
18,5/4/2025,1003,2053,404,0,3660.9,20,MN
19,5/4/2025,1110,2046,404,1,30.09,5,IA
20,5/4/2025,1111,2022,403,3,671.18,10,TX
21,5/4/2025,1119,2055,403,2,?,60,MO
22,5/4/2025,1062,2011,403,3,1229.22,50,MN
23,5/4/2025,1062,2096,404,3,672.18,25,IA
24,5/4/2025,1086,2003,404,2,924.43,1,TX
25,5/4/2025,1046,2062,402,2,1981.95,20,MO
26,5/4/2025,1066,2043,403,2,698.76,17,MN
27,5/4/2025,1142,2001,402,0,1237.05,25,IA
28,5/4/2025,1061,2092,404,3,482.21,10,TX
29,5/4/2025,1142,2097,402,3,4210.5,5,MO
30,5/4/2025,1165,2091,404,3,4528.95,20,MN
31,2023-13-01,1004,2011,403,1,737.53,5,IA
32,5/4/2025,1103,2088,402,2,0,10,TX
33,5/4/2025,1169,2074,403,3,0,60,MO
34,5/4/2025,1141,2067,403,3,872.85,50,MN
35,5/4/2025,1190,2070,403,2,54.69,25,IA
36,5/4/2025,1179,2058,403,2,1066.8,1,TX
37,5/4/2025,1064,2029,401,1,12.16,20,MO
38,5/4/2025,1080,2015,402,1,3037.36,17,MN
39,5/4/2025,1055,2094,404,2,1578.72,25,IA
40,5/4/2025,1185,2075,403,0,0,10,TX
41,5/4/2025,9999,2037,402,2,288.11,5,MO
42,5/4/2025,1045,2038,401,1,1667.72,20,MN
43,5/4/2025,1070,2005,401,2,686.05,5,IA
44,5/4/2025,1178,2016,404,0,0,10,TX
45,5/4/2025,1003,2073,403,3,1498.29,60,MO
46,5/4/2025,1122,2056,403,1,944.5,50,MN
47,5/4/2025,1013,2032,404,0,2836.8,25,IA
48,5/4/2025,1016,2051,404,0,117.32,1,TX
49,5/4/2025,1147,2080,401,1,0,0,MO
50,5/4/2025,1038,2072,403,0,840.6,20,MN
51,5/4/2025,1063,2015,404,1,1214.95,17,IA
52,5/4/2025,1198,2066,404,3,516.06,25,TX
53,5/4/2025,1113,2038,404,2,2223.62,10,MO
54,5/4/2025,1145,2079,401,0,1901.08,5,MN
55,5/4/2025,1195,2026,402,2,507.74,20,IA
56,5/4/2025,1169,2010,402,1,140.11,5,TX
57,5/4/2025,1044,2070,401,1,0,10,MO
58,5/4/2025,1000,2052,404,3,2193.78,60,MN
59,5/4/2025,1074,2004,402,2,741.8,50,IA
60,5/4/2025,1180,2036,404,0,217.98,25,TX
61,5/4/2025,1175,2029,403,1,36.48,1,MO
62,5/4/2025,1108,2014,402,1,221.67,20,MN
63,5/4/2025,1068,2018,401,0,2169.04,17,IA
64,5/4/2025,1042,2039,403,3,2929.32,25,TX
65,5/4/2025,1031,2059,403,3,0,10,MO
66,5/4/2025,1069,2064,404,3,1470.2,5,MN
67,5/4/2025,1020,2076,401,3,4836.42,20,IA
68,5/4/2025,1188,2041,403,0,1608.42,5,TX
69,5/4/2025,1023,2029,401,2,0,10,MO
70,5/4/2025,1147,2005,402,3,0,60,MN
71,5/4/2025,1132,2083,404,2,614.53,50,IA
72,5/4/2025,1046,2074,404,3,659.5,25,TX
73,5/4/2025,1023,2060,403,3,1225.14,1,MO
74,5/4/2025,1085,2041,401,1,1447.58,20,MN
75,5/4/2025,1084,2052,404,2,2925.04,17,IA
76,5/4/2025,1169,2051,401,3,117.32,25,TX
77,5/4/2025,1022,2040,403,2,55.26,10,MO
78,5/4/2025,1029,2098,404,0,3631.44,5,MN
79,5/4/2025,1168,2069,404,3,232.39,20,IA
80,5/4/2025,1013,2024,403,3,372.81,5,TX
81,5/4/2025,1160,2056,401,1,472.25,10,MO
82,5/4/2025,1068,2070,402,2,109.38,60,MN
83,5/4/2025,1112,2089,404,0,2067.6,50,IA
84,5/4/2025,1007,2080,402,1,1498.07,25,TX
85,5/4/2025,1079,2070,401,3,34.18,1,MO
86,5/4/2025,1023,2028,401,3,2551.76,20,MN
87,5/4/2025,1030,2082,402,3,799.8,17,IA
88,5/4/2025,1183,2037,403,3,2160.84,25,TX
89,5/4/2025,1123,2060,402,3,2450.28,10,MO
90,5/4/2025,1141,2018,404,1,2440.17,5,MN
91,5/4/2025,1153,2065,402,0,470.34,20,IA
92,5/4/2025,1070,2098,404,2,0,5,TX
93,5/4/2025,1129,2034,401,2,108.94,10,MO
94,5/4/2025,1185,2038,404,1,1667.72,60,MN
95,5/4/2025,1114,2068,404,2,656.19,50,IA
96,5/4/2025,1085,2070,404,3,0,25,TX
97,5/4/2025,1082,2024,402,3,372.81,1,MO
98,5/4/2025,1059,2099,404,0,1292.64,20,MN
99,5/4/2025,1081,2095,404,3,490.79,17,IA
100,5/4/2025,1098,2084,402,3,0,25,TX
101,5/4/2025,1009,2016,403,0,969.06,10,MO
102,5/4/2025,1112,2012,404,0,1869.57,5,MN
103,5/4/2025,1184,2018,404,1,488.03,20,IA
104,5/4/2025,1019,2060,403,2,0,5,TX
105,5/4/2025,1159,2088,404,0,0,10,MO
106,5/4/2025,1084,2086,404,2,2861.12,60,MN
107,5/4/2025,1160,2091,404,0,905.79,50,IA
108,5/4/2025,1158,2008,402,2,159.82,25,TX
109,5/4/2025,1058,2095,401,3,2453.95,1,MO
110,5/4/2025,1025,2097,401,3,842.1,0,MN
111,5/4/2025,1042,2088,403,0,709.35,20,IA
112,5/4/2025,1011,2041,401,2,0,17,TX
113,5/4/2025,1091,2047,404,1,0,25,MO
114,5/4/2025,1062,2067,404,1,0,10,MN
115,5/4/2025,1043,2022,401,3,2684.72,5,IA
116,5/4/2025,1158,2087,402,3,477.96,20,TX
117,5/4/2025,1149,2018,402,3,1626.78,5,MO
118,5/4/2025,1163,2032,404,2,756.48,10,MN
119,5/4/2025,1170,2001,404,2,659.76,60,IA
120,5/4/2025,1173,2069,402,0,464.78,50,TX
121,5/4/2025,1113,2044,403,3,0,25,MO
122,5/4/2025,1176,2032,404,2,756.48,1,MN
123,5/4/2025,1050,2049,404,0,2819.52,20,IA
124,5/4/2025,1060,2048,403,2,1144.42,17,TX
125,5/4/2025,1179,2037,401,3,1440.56,25,MO
126,5/4/2025,1070,2001,401,3,0,10,MN
127,5/4/2025,1073,2099,402,2,0,5,IA
128,5/4/2025,1056,2081,402,2,0,20,TX
129,5/4/2025,1173,2096,402,0,672.18,5,MO
130,5/4/2025,1160,2082,401,2,426.56,10,MN
131,5/4/2025,1112,2004,403,1,1669.05,60,IA
132,5/4/2025,1023,2037,403,3,2160.84,50,TX
133,5/4/2025,1044,2025,402,2,223.7,25,MO
134,5/4/2025,1135,2064,403,1,793.91,1,MN
135,5/4/2025,1065,2061,403,2,639.74,20,IA
136,5/4/2025,1029,2059,401,1,921.69,17,TX
137,5/4/2025,1193,2028,404,2,1531.06,25,MO
138,5/4/2025,1023,2050,401,2,298.85,10,MN
139,5/4/2025,1137,2015,404,2,539.98,5,IA
140,5/4/2025,1172,2095,403,3,2453.95,20,TX
141,5/4/2025,1163,2047,401,1,301.48,5,MO
142,5/4/2025,1120,2003,403,1,1039.99,10,MN
143,5/4/2025,1165,2008,404,2,53.27,60,IA
144,5/4/2025,1166,2052,401,1,658.13,50,TX
145,5/4/2025,1011,2004,403,3,3709,25,MO
146,5/4/2025,1029,2012,402,1,0,1,MN
147,5/4/2025,1099,2058,403,3,666.75,20,IA
148,5/4/2025,1150,2095,402,3,490.79,17,TX
149,5/4/2025,1167,2012,404,3,0,25,MO
150,5/4/2025,1071,2004,403,1,834.52,10,MN
151,5/4/2025,1113,2056,402,2,839.55,5,IA
152,5/4/2025,1025,2087,403,2,0,20,TX
153,5/4/2025,1015,2050,403,1,504.31,5,MO
154,5/4/2025,1031,2058,401,1,2400.3,10,MN
155,5/4/2025,1164,2081,401,0,2984.88,60,IA
156,5/4/2025,1085,2031,402,1,508.77,50,TX
157,5/4/2025,1017,2097,402,1,757.89,25,MO
158,5/4/2025,1059,2042,402,0,0,1,MN
159,5/4/2025,1070,2018,402,2,0,20,IA
160,5/4/2025,1044,2014,401,1,886.68,17,TX
161,5/4/2025,1003,2045,402,2,499.42,25,MO
162,5/4/2025,1004,2022,403,0,671.18,10,MN
163,5/4/2025,1032,2094,404,0,493.35,5,IA
164,5/4/2025,1190,2008,404,3,266.36,20,TX
165,5/4/2025,1199,2046,401,3,167.15,5,MO
166,5/4/2025,1128,2028,401,2,2041.41,10,MN
167,5/4/2025,1117,2082,401,0,799.8,60,IA
168,5/4/2025,1122,2051,404,0,234.64,50,TX
169,5/4/2025,1125,2091,404,0,1811.58,25,MO
170,5/4/2025,1020,2041,402,0,0,1,MN
171,5/4/2025,1032,2035,403,3,4499.95,0,IA
172,5/4/2025,1152,2067,403,3,872.85,20,TX
173,5/4/2025,1129,2077,404,0,2809.15,17,MO
174,5/4/2025,1179,2014,402,3,738.9,25,MN
175,5/4/2025,1115,2029,404,2,0,10,IA
176,5/4/2025,1116,2051,404,0,351.96,5,TX
177,5/4/2025,1080,2054,403,2,3602.04,20,MO
178,5/4/2025,1095,2019,404,0,933.93,5,MN
179,5/4/2025,1023,2010,401,3,0,10,IA
180,5/4/2025,1024,2095,403,1,3533.69,60,TX
181,5/4/2025,1142,2007,403,0,583.39,50,MO
182,5/4/2025,1105,2045,404,0,624.28,25,MN
183,5/4/2025,1073,2076,403,2,1934.57,1,IA
184,5/4/2025,1026,2073,402,1,1797.95,20,TX
185,5/4/2025,1168,2061,402,0,599.76,17,MO
186,5/4/2025,1089,2071,403,0,0,25,MN
187,5/4/2025,1195,2035,402,3,0,10,IA
188,5/4/2025,1143,2098,401,2,2178.86,5,TX
189,5/4/2025,1007,2023,403,2,751.63,20,MO
190,5/4/2025,1086,2044,401,1,373.64,5,MN
191,5/4/2025,1036,2072,404,0,1260.9,10,IA
192,5/4/2025,1036,2094,401,0,2466.75,60,TX
193,5/4/2025,1191,2067,402,3,872.85,50,MO
194,5/4/2025,1107,2058,403,1,1800.22,25,MN
195,5/4/2025,1094,2039,403,0,1952.88,1,IA
196,5/4/2025,1013,2019,402,0,0,20,TX
197,5/4/2025,1172,2010,403,3,0,17,MO
198,5/4/2025,1169,2054,404,3,900.51,25,MN
199,5/4/2025,1106,2034,402,0,136.17,10,IA
200,5/4/2025,1088,2055,401,2,129.46,5,TX
201,5/4/2025,1173,2086,404,2,715.28,20,MO
202,5/4/2025,1011,2028,404,0,0,5,MN
203,5/4/2025,1001,2026,403,1,190.4,10,IA
204,5/4/2025,1196,2017,403,2,370.96,60,TX
205,5/4/2025,1083,2015,401,3,0,50,MO
206,5/4/2025,1191,2055,402,1,48.55,25,MN
207,5/4/2025,1097,2068,402,2,1312.38,1,IA
208,5/4/2025,1018,2050,401,3,0,20,TX
209,5/4/2025,1004,2058,401,2,1066.8,17,MO
210,5/4/2025,1147,2054,404,3,2701.53,25,MN
211,5/4/2025,1074,2014,404,0,738.9,10,IA
212,5/4/2025,1083,2021,404,2,668.33,5,TX
213,5/4/2025,1022,2055,401,1,97.09,20,MO
214,5/4/2025,1111,2075,404,0,1561.28,5,MN
215,5/4/2025,1101,2039,403,1,2636.39,10,IA
216,5/4/2025,1085,2099,402,0,646.32,60,TX
217,5/4/2025,1130,2081,401,1,1343.2,50,MO
218,5/4/2025,1198,2044,403,1,186.82,25,MN
219,5/4/2025,1060,2013,402,2,0,1,IA
220,5/4/2025,1050,2022,402,0,671.18,20,TX
221,5/4/2025,1045,2098,404,3,907.86,17,MO
222,5/4/2025,1193,2072,404,2,1681.2,25,MN
223,5/4/2025,1160,2040,402,3,138.16,10,IA
224,5/4/2025,1017,2060,404,2,0,5,TX
225,5/4/2025,1070,2075,401,2,624.51,20,MO
226,5/4/2025,1129,2009,403,3,198.93,5,MN
227,5/4/2025,1115,2004,401,2,2225.4,10,IA
228,5/4/2025,1073,2009,401,3,66.31,60,TX
229,5/4/2025,1118,2074,401,3,659.5,50,MO
230,5/4/2025,1146,2083,402,2,614.53,25,MN
231,5/4/2025,1154,2060,402,0,408.38,1,IA
232,5/4/2025,1115,2013,403,0,2806.08,0,TX
233,5/4/2025,1129,2082,402,0,1066.4,20,MO
234,5/4/2025,1063,2090,404,3,71.64,17,MN
235,5/4/2025,1134,2066,402,2,1238.54,25,IA
236,5/4/2025,1095,2036,404,3,653.94,10,TX
237,5/4/2025,1198,2043,401,2,1397.52,5,MO
238,5/4/2025,1016,2042,401,3,0,20,MN
239,5/4/2025,1072,2032,402,2,1512.96,5,IA
240,5/4/2025,1020,2074,402,2,527.6,10,TX
241,5/4/2025,1079,2083,404,1,691.34,60,MO
242,5/4/2025,1152,2090,401,2,57.31,50,MN
243,5/4/2025,1143,2048,403,1,0,25,IA
244,5/4/2025,1171,2089,401,3,1654.08,1,TX
245,5/4/2025,1130,2046,401,2,106.98,20,MO
246,5/4/2025,1079,2023,402,2,3006.53,17,MN
247,5/4/2025,1196,2062,402,1,1114.85,25,IA
248,5/4/2025,1035,2019,401,2,0,10,TX
249,5/4/2025,1025,2064,401,2,705.7,5,MO
250,5/4/2025,1196,2079,402,3,2851.62,20,MN
251,5/4/2025,1039,2020,402,1,338.25,5,IA
252,5/4/2025,1184,2056,401,3,1574.16,10,TX
253,5/4/2025,1093,2086,402,3,3576.4,60,MO
254,5/4/2025,1156,2036,404,1,392.36,50,MN
255,5/4/2025,1136,2030,403,3,509.91,25,IA
256,5/4/2025,1049,2047,404,3,1674.9,1,TX
257,5/4/2025,1196,2036,404,3,0,20,MO
258,5/4/2025,1041,2025,402,2,671.09,17,MN
259,5/4/2025,1013,2082,404,2,1066.4,25,IA
260,5/4/2025,1141,2013,401,2,748.29,10,TX
261,5/4/2025,1021,2097,402,2,673.68,5,MO
262,5/4/2025,1115,2065,402,3,1881.36,20,MN
263,5/4/2025,1023,2028,404,2,510.35,5,IA
264,5/4/2025,1006,2053,401,3,610.15,10,TX
265,5/4/2025,1128,2047,402,3,1004.94,60,MO
266,5/4/2025,1020,2047,402,0,669.96,50,MN
267,5/4/2025,1081,2012,403,1,1682.61,25,IA
268,5/4/2025,1035,2004,403,3,927.25,1,TX
269,5/4/2025,1178,2017,404,3,1854.8,20,MO
270,5/4/2025,1157,2000,401,0,1938.62,17,MN
271,5/4/2025,1065,2027,402,3,775.83,25,IA
272,5/4/2025,1028,2099,403,1,3490.13,10,TX
273,5/4/2025,1077,2015,401,1,1822.42,5,MO
274,5/4/2025,1107,2081,404,0,2238.66,20,MN
275,5/4/2025,1028,2063,401,1,994.43,5,IA
276,5/4/2025,1183,2018,403,3,2711.3,10,TX
277,5/4/2025,1000,2078,403,1,0,60,MO
278,5/4/2025,1146,2053,402,0,1220.3,50,MN
279,5/4/2025,1134,2046,401,0,33.43,25,IA
280,5/4/2025,1099,2060,401,3,1633.52,1,TX
281,5/4/2025,1095,2032,401,2,1512.96,20,MO
282,5/4/2025,1017,2044,402,0,207.58,17,MN
283,5/4/2025,1197,2074,403,1,593.55,25,IA
284,5/4/2025,1011,2045,403,1,842.78,10,TX
285,5/4/2025,1199,2087,404,3,159.32,5,MO
286,5/4/2025,1161,2023,402,0,939.54,20,MN
287,5/4/2025,1183,2099,404,0,1292.64,5,IA
288,5/4/2025,1075,2025,401,1,0,10,TX
289,5/4/2025,1010,2040,403,3,138.16,60,MO
290,5/4/2025,1139,2060,403,0,1225.14,50,MN
291,5/4/2025,1192,2082,402,2,213.28,25,IA
292,5/4/2025,1091,2099,401,2,1034.11,1,TX
293,5/4/2025,1069,2015,403,3,2699.88,0,MO
294,5/4/2025,1102,2095,404,3,1472.37,20,MN
295,5/4/2025,1086,2023,404,3,3758.16,17,IA
296,5/4/2025,1094,2066,403,0,1032.12,25,TX
297,5/4/2025,1186,2054,401,3,0,10,MO
298,5/4/2025,1154,2023,403,2,751.63,5,MN
299,5/4/2025,1026,2010,403,2,62.27,20,IA
300,5/4/2025,1078,2057,404,1,393.28,5,TX
301,5/4/2025,1176,2056,403,3,524.72,10,MO
302,5/4/2025,1010,2093,403,3,0,60,MN
303,5/4/2025,1070,2081,401,0,1492.44,50,IA
304,5/4/2025,1171,2081,404,2,596.98,25,TX
305,5/4/2025,1131,2095,402,0,1472.37,1,MO
306,5/4/2025,1036,2077,404,0,1123.66,20,MN
307,5/4/2025,1032,2008,402,2,106.54,17,IA
308,5/4/2025,1092,2049,401,1,0,25,TX
309,5/4/2025,1173,2057,403,2,349.58,10,MO
310,5/4/2025,1113,2097,401,1,757.89,5,MN
311,5/4/2025,1135,2046,404,2,80.23,20,IA
312,5/4/2025,1166,2035,402,0,899.99,5,TX
313,5/4/2025,1006,2094,402,3,1480.05,10,MO
314,5/4/2025,1132,2049,401,2,1503.74,60,MN
315,5/4/2025,1198,2033,404,1,2257.88,50,IA
316,5/4/2025,1156,2036,404,1,784.73,25,TX
317,5/4/2025,1031,2017,401,3,0,1,MO
318,5/4/2025,1044,2091,404,0,1811.58,20,MN
319,5/4/2025,1174,2040,403,0,34.54,17,IA
320,5/4/2025,1140,2069,403,2,557.74,25,TX
321,5/4/2025,1040,2091,402,2,724.63,10,MO
322,5/4/2025,1130,2028,401,1,574.15,5,MN
323,5/4/2025,1035,2030,404,0,339.94,20,IA
324,5/4/2025,1092,2070,403,3,102.54,5,TX
325,5/4/2025,1141,2016,401,0,0,10,MO
326,5/4/2025,1079,2050,404,3,186.78,60,MN
327,5/4/2025,1196,2052,401,1,2632.54,50,IA
328,5/4/2025,1081,2082,401,3,1066.4,25,TX
329,5/4/2025,1119,2087,403,1,0,1,MO
330,5/4/2025,1199,2070,402,1,30.76,20,MN
331,5/4/2025,1110,2064,401,0,0,17,IA
332,5/4/2025,1132,2019,403,1,1681.07,25,TX
333,5/4/2025,1041,2041,402,2,643.37,10,MO
334,5/4/2025,1132,2036,401,2,348.77,5,MN
335,5/4/2025,1050,2081,403,1,2686.39,20,IA
336,5/4/2025,1160,2038,401,1,0,5,TX
337,5/4/2025,1151,2074,402,1,1187.1,10,MO
338,5/4/2025,1168,2079,403,0,1901.08,60,MN
339,5/4/2025,1007,2010,401,2,62.27,50,IA
340,5/4/2025,1166,2026,404,0,0,25,TX
341,5/4/2025,1127,2080,403,2,1997.42,1,MO
342,5/4/2025,1123,2031,404,2,1356.72,20,MN
343,5/4/2025,1116,2009,401,1,119.36,17,IA
344,5/4/2025,1112,2053,404,3,0,25,TX
345,5/4/2025,1052,2043,402,2,698.76,10,MO
346,5/4/2025,1183,2040,403,3,103.62,5,MN
347,5/4/2025,1033,2097,403,0,4210.5,20,IA
348,5/4/2025,1081,2030,404,0,339.94,5,TX
349,5/4/2025,1068,2057,402,1,1179.85,10,MO
350,5/4/2025,1024,2006,403,3,594,60,MN
351,5/4/2025,1157,2053,402,1,1098.27,50,IA
352,5/4/2025,1083,2073,403,1,2247.44,25,TX
353,5/4/2025,1195,2020,404,3,1879.15,1,MO
354,5/4/2025,1127,2039,404,0,1952.88,0,MN
355,5/4/2025,1023,2050,404,1,0,20,IA
356,5/4/2025,1055,2074,403,0,1978.5,17,TX
357,5/4/2025,1012,2036,404,3,653.94,25,MO
358,5/4/2025,1073,2068,401,0,2460.72,10,MN
359,5/4/2025,1110,2017,403,2,370.96,5,IA
360,5/4/2025,1195,2051,403,0,117.32,20,TX
361,5/4/2025,1102,2006,402,2,792,5,MO
362,5/4/2025,1141,2036,401,3,871.92,10,MN
363,5/4/2025,1129,2057,403,0,1747.92,60,IA
364,5/4/2025,1032,2012,404,2,997.1,50,TX
365,5/4/2025,1086,2071,403,1,553.64,25,MO
366,5/4/2025,1050,2077,404,0,561.83,1,MN
367,5/4/2025,1011,2004,402,2,0,20,IA
368,5/4/2025,1121,2066,404,1,0,17,TX
369,5/4/2025,1155,2065,402,2,1128.82,25,MO
370,5/4/2025,1156,2040,402,3,138.16,10,MN
371,5/4/2025,1157,2094,403,2,1578.72,5,IA
372,5/4/2025,1129,2065,404,2,752.54,20,TX
373,5/4/2025,1121,2002,403,2,2771.2,5,MO
374,5/4/2025,1172,2014,404,2,197.04,10,MN
375,5/4/2025,1185,2088,401,3,2128.05,60,IA
376,5/4/2025,1067,2083,402,0,0,50,TX
377,5/4/2025,1149,2061,402,3,1199.52,25,MO
378,5/4/2025,1037,2087,402,0,318.64,1,MN
379,5/4/2025,1146,2089,401,1,744.34,20,IA
380,5/4/2025,1004,2056,403,3,2098.88,17,TX
381,5/4/2025,1038,2052,402,3,2193.78,25,MO
382,5/4/2025,1128,2099,404,0,3877.92,10,MN
383,5/4/2025,1180,2017,402,2,741.92,5,IA
384,5/4/2025,1169,2061,404,2,319.87,20,TX
385,5/4/2025,1044,2058,403,2,1066.8,5,MO
386,5/4/2025,1173,2098,403,3,3631.44,10,MN
387,5/4/2025,1049,2031,403,2,1356.72,60,IA
388,5/4/2025,1057,2038,403,1,2501.58,50,TX
389,5/4/2025,1176,2090,404,2,343.87,25,MO
390,5/4/2025,1122,2044,403,2,166.06,1,MN
391,5/4/2025,1031,2073,404,3,1498.29,20,IA
392,5/4/2025,1088,2098,402,2,726.29,17,TX
393,5/4/2025,1010,2036,401,2,348.77,25,MO
394,5/4/2025,1113,2083,403,3,3072.64,10,MN
395,5/4/2025,1054,2025,403,2,671.09,5,IA
396,5/4/2025,1035,2013,402,1,1683.65,20,TX
397,5/4/2025,1012,2085,402,1,217.94,5,MO
398,5/4/2025,1013,2012,404,2,1994.21,10,MN
399,5/4/2025,1183,2060,401,1,367.54,60,IA
400,5/4/2025,1001,2070,402,3,102.54,50,TX
401,5/4/2025,1167,2060,404,1,735.08,25,MO
402,5/4/2025,1193,2036,403,2,348.77,1,MN
403,5/4/2025,1165,2007,401,1,0,20,IA
404,5/4/2025,1136,2094,401,1,1776.06,17,TX
405,5/4/2025,1106,2022,401,3,671.18,25,MO
406,5/4/2025,1126,2023,403,0,0,10,MN
407,5/4/2025,1002,2038,401,2,1482.42,5,IA
408,5/4/2025,1072,2058,404,1,1200.15,20,TX
409,5/4/2025,1129,2059,403,1,1382.54,5,MO
410,5/4/2025,1028,2042,402,3,502.83,10,MN
411,5/4/2025,1165,2032,402,0,0,60,IA
412,5/4/2025,1188,2043,403,1,1572.21,50,TX
413,5/4/2025,1044,2078,404,3,426.03,25,MO
414,5/4/2025,1131,2041,401,3,3216.84,1,MN
415,5/4/2025,1171,2012,402,1,1121.74,0,IA
416,5/4/2025,1122,2041,402,0,1608.42,20,TX
417,5/4/2025,1066,2049,402,3,0,17,MO
418,5/4/2025,1192,2034,403,2,326.81,25,MN
419,5/4/2025,1149,2092,401,2,1157.3,10,IA
420,5/4/2025,1167,2046,402,0,133.72,5,TX
421,5/4/2025,1170,2015,404,2,0,20,MO
422,5/4/2025,1040,2051,403,0,469.28,5,MN
423,5/4/2025,1163,2037,403,1,0,10,IA
424,5/4/2025,1056,2017,404,1,834.66,60,TX
425,5/4/2025,1116,2095,403,3,490.79,50,MO
426,5/4/2025,1179,2070,404,1,61.52,25,MN
427,5/4/2025,1195,2031,401,3,1695.9,1,IA
428,5/4/2025,1135,2090,403,0,0,20,TX
429,5/4/2025,1144,2014,401,1,443.34,17,MO
430,5/4/2025,1146,2068,402,1,2952.86,25,MN
431,5/4/2025,1083,2066,404,0,516.06,10,IA
432,5/4/2025,1174,2026,404,0,423.12,5,TX
433,5/4/2025,1130,2057,401,3,1747.92,20,MO
434,5/4/2025,1033,2065,404,3,0,5,MN
435,5/4/2025,1144,2007,404,2,933.42,10,IA
436,5/4/2025,1185,2002,404,2,692.8,60,TX
437,5/4/2025,1000,2095,402,0,0,50,MO
438,5/4/2025,1011,2054,403,0,900.51,25,MN
439,5/4/2025,1138,2007,401,3,2333.56,1,IA
440,5/4/2025,1008,2036,404,1,196.18,20,TX
441,5/4/2025,1196,2017,404,2,741.92,17,MO
442,5/4/2025,1097,2057,404,3,436.98,25,MN
443,5/4/2025,1020,2087,402,2,637.28,10,IA
444,5/4/2025,1030,2022,404,1,604.06,5,TX
445,5/4/2025,1186,2028,401,0,2551.76,20,MO
446,5/4/2025,1076,2059,404,3,1536.15,5,MN
447,5/4/2025,1058,2031,404,2,0,10,IA
448,5/4/2025,1039,2035,402,0,899.99,60,TX
449,5/4/2025,1008,2084,404,0,845.55,50,MO
450,5/4/2025,1061,2026,401,0,423.12,25,MN
451,5/4/2025,1152,2004,404,0,2781.75,1,IA
452,5/4/2025,1062,2094,401,3,1973.4,20,TX
453,5/4/2025,1112,2029,402,0,13.51,17,MO
454,5/4/2025,1035,2064,403,1,0,25,MN
455,5/4/2025,1187,2073,403,2,399.54,10,IA
456,5/4/2025,1060,2038,402,1,3335.44,5,TX
457,5/4/2025,1105,2038,403,0,1853.02,20,MO
458,5/4/2025,1142,2075,402,3,3903.2,5,MN
459,5/4/2025,1142,2063,401,2,1325.9,10,IA
460,5/4/2025,1164,2085,404,2,387.44,60,TX
461,5/4/2025,1178,2053,404,1,1647.4,50,MO
462,5/4/2025,1076,2048,402,3,1072.89,25,MN
463,5/4/2025,1061,2028,403,1,1148.29,1,IA
464,5/4/2025,1118,2007,404,3,1750.17,20,TX
465,5/4/2025,1142,2067,402,3,1163.8,17,MO
466,5/4/2025,1062,2032,402,2,756.48,25,MN
467,5/4/2025,1165,2010,404,2,124.54,10,IA
468,5/4/2025,1023,2068,402,0,2460.72,5,TX
469,5/4/2025,1068,2048,401,0,715.26,20,MO
470,5/4/2025,1048,2097,402,3,0,5,MN
471,5/4/2025,1053,2042,403,0,167.61,10,IA
472,5/4/2025,1054,2024,401,3,372.81,60,TX
473,5/4/2025,1062,2089,402,3,1240.56,50,MO
474,5/4/2025,1061,2070,403,2,27.34,25,MN
475,5/4/2025,1097,2059,403,2,0,1,IA
476,5/4/2025,1066,2046,404,3,200.58,0,TX
477,5/4/2025,1025,2092,404,2,771.54,20,MO
478,5/4/2025,1052,2047,403,3,334.98,17,MN
479,5/4/2025,1011,2072,402,1,756.54,25,IA
480,5/4/2025,1004,2033,404,2,0,10,TX
481,5/4/2025,1039,2025,403,1,503.32,5,MO
482,5/4/2025,1097,2072,402,3,420.3,20,MN
483,5/4/2025,1140,2083,403,2,1843.58,5,IA
484,5/4/2025,1195,2062,404,3,3096.8,10,TX
485,5/4/2025,1043,2093,403,1,1360.69,60,MO
486,5/4/2025,1035,2092,404,1,0,50,MN
487,5/4/2025,1138,2082,401,0,533.2,25,IA
488,5/4/2025,1019,2085,401,0,484.3,1,TX
489,5/4/2025,1105,2017,402,0,1391.1,20,MO
490,5/4/2025,1181,2019,401,1,4202.68,17,MN
491,5/4/2025,1129,2058,403,0,1333.5,25,IA
492,5/4/2025,1158,2081,404,3,2984.88,10,TX
493,5/4/2025,1004,2000,404,0,2907.93,5,MO
494,5/4/2025,1004,2067,403,2,465.52,20,MN
495,5/4/2025,1004,2064,404,1,1323.18,5,IA
496,5/4/2025,1027,2012,402,1,1121.74,10,TX
497,5/4/2025,1049,2079,403,2,3802.16,60,MO
498,5/4/2025,1068,2050,401,2,0,50,MN
499,5/4/2025,1103,2058,402,1,600.08,25,IA
500,5/4/2025,1076,2087,401,0,159.32,1,TX
501,5/4/2025,1023,2051,404,3,351.96,20,MO
502,5/4/2025,1141,2060,401,0,408.38,17,MN
503,5/4/2025,1179,2021,401,3,835.41,25,IA
504,5/4/2025,1111,2082,403,0,0,10,TX
505,5/4/2025,1135,2005,402,1,1157.71,5,MO
506,5/4/2025,1177,2072,404,2,1008.72,20,MN
507,5/4/2025,1011,2009,403,0,0,5,IA
508,5/4/2025,1045,2040,401,1,31.09,10,TX
509,5/4/2025,1150,2018,404,0,1084.52,60,MO
510,5/4/2025,1076,2020,402,3,2254.98,50,MN
511,5/4/2025,1173,2069,403,3,232.39,25,IA
512,5/4/2025,1193,2094,402,0,1480.05,1,TX
513,5/4/2025,1128,2095,403,0,0,20,MO
514,5/4/2025,1025,2055,402,0,107.88,17,MN
515,5/4/2025,1087,2077,404,2,449.46,25,IA
516,5/4/2025,1007,2081,403,3,746.22,10,TX
517,5/4/2025,1125,2029,403,3,40.53,5,MO
518,5/4/2025,1110,2023,404,0,1879.08,20,MN
519,5/4/2025,1197,2079,403,1,855.49,5,IA
520,5/4/2025,1182,2009,401,2,53.05,10,TX
521,5/4/2025,1039,2048,402,3,357.63,60,MO
522,5/4/2025,1081,2046,401,0,33.43,50,MN
523,5/4/2025,1001,2039,404,2,2343.46,25,IA
524,5/4/2025,1194,2034,401,1,245.11,1,TX
525,5/4/2025,1022,2023,404,3,5637.24,20,MO
526,5/4/2025,1142,2071,404,0,615.16,17,MN
527,5/4/2025,1006,2011,403,0,1229.22,25,IA
528,5/4/2025,1152,2076,403,3,2418.21,10,TX
529,5/4/2025,1003,2037,404,3,1440.56,5,MO
530,5/4/2025,1199,2010,402,1,210.17,20,MN
531,5/4/2025,1175,2048,402,1,965.6,5,IA
532,5/4/2025,1068,2038,403,3,0,10,TX
533,5/4/2025,1037,2008,402,3,266.36,60,MO
534,5/4/2025,1070,2053,403,3,1830.45,50,MN
535,5/4/2025,1005,2009,403,2,53.05,25,IA
536,5/4/2025,1063,2092,404,1,867.98,1,TX
537,5/4/2025,1117,2013,402,2,2244.86,0,MO
538,5/4/2025,1001,2050,403,3,0,20,MN
539,5/4/2025,1084,2056,403,3,1574.16,17,IA
540,5/4/2025,1166,2076,402,2,0,25,TX
541,5/4/2025,1082,2077,402,3,0,10,MO
542,5/4/2025,1080,2022,404,2,1073.89,5,MN
543,5/4/2025,1074,2094,404,1,444.02,20,IA
544,5/4/2025,1083,2048,403,3,0,5,TX
545,5/4/2025,1093,2014,402,1,221.67,10,MO
546,5/4/2025,1174,2098,401,3,2723.58,60,MN
547,5/4/2025,1181,2026,404,2,507.74,50,IA
548,5/4/2025,1177,2008,404,3,332.95,25,TX
549,5/4/2025,1035,2081,403,1,1343.2,1,MO
550,5/4/2025,1064,2084,402,3,845.55,20,MN
551,5/4/2025,1096,2009,404,3,198.93,17,IA
552,5/4/2025,1149,2051,404,0,0,25,TX
553,5/4/2025,1092,2089,401,0,827.04,10,MO
554,5/4/2025,1196,2031,403,1,1526.31,5,MO
555,5/4/2025,1165,2078,401,3,142.01,20,MN
556,5/4/2025,1192,2042,404,0,1005.66,5,IA
557,5/4/2025,1002,2012,403,1,560.87,10,TX
558,5/4/2025,1130,2095,402,3,1963.16,60,MO
559,5/4/2025,1095,2050,404,1,168.1,50,MN
560,5/4/2025,1088,2003,404,0,385.18,25,IA
561,5/4/2025,1075,2053,401,0,1830.45,1,TX
562,5/4/2025,1186,2018,403,2,1301.42,20,MO
563,5/4/2025,1087,2058,402,3,2667,17,MN
564,5/4/2025,1089,2060,401,3,408.38,25,IA
565,5/4/2025,1184,2089,404,2,1984.9,10,TX
566,5/4/2025,1017,2038,401,0,0,5,MO
567,5/4/2025,1005,2043,401,1,786.1,20,MN
568,5/4/2025,1189,2031,402,1,2035.08,5,IA
569,5/4/2025,1084,2071,404,3,0,10,TX
570,5/4/2025,1059,2051,402,1,527.94,60,MO
571,5/4/2025,1163,2084,404,3,845.55,50,MN
572,5/4/2025,1007,2094,402,3,493.35,25,IA
573,5/4/2025,1151,2054,404,0,0,1,TX
574,5/4/2025,1180,2027,402,2,0,20,MO
575,5/4/2025,1192,2090,401,0,286.56,17,MN
576,5/4/2025,1137,2023,403,2,1503.26,25,IA
577,5/4/2025,1050,2058,401,2,1066.8,10,TX
578,5/4/2025,1171,2062,403,3,619.36,5,MO
579,5/4/2025,1156,2050,401,2,0,20,MN
580,5/4/2025,1090,2058,402,2,1066.8,5,IA
581,5/4/2025,1157,2075,401,1,702.58,10,TX
582,5/4/2025,1080,2015,402,2,1619.93,60,MO
583,5/4/2025,1029,2023,403,1,0,50,MN
584,5/4/2025,1130,2049,404,1,845.86,25,IA
585,5/4/2025,1147,2049,404,1,845.86,1,TX
586,5/4/2025,1124,2081,402,1,2686.39,20,MO
587,5/4/2025,1125,2036,402,1,588.55,17,MN
588,5/4/2025,1080,2057,401,2,699.17,25,IA
589,5/4/2025,1002,2062,402,1,1114.85,10,TX
590,5/4/2025,1098,2071,404,3,1845.48,5,MO
591,5/4/2025,1175,2062,404,3,1858.08,20,MN
592,5/4/2025,1125,2021,401,0,1670.82,5,IA
593,5/4/2025,1194,2028,403,0,637.94,10,TX
594,5/4/2025,1070,2028,403,1,0,60,MO
595,5/4/2025,1199,2058,404,0,2667,50,MN
596,5/4/2025,1146,2014,403,2,0,25,IA
597,5/4/2025,1138,2096,401,3,2688.72,1,TX
598,5/4/2025,1139,2027,404,0,258.61,0,MO
599,5/4/2025,1188,2083,402,2,1229.06,20,MN
600,5/4/2025,1008,2057,403,2,699.17,17,IA
601,5/4/2025,1022,2056,401,1,2361.24,25,TX
602,5/4/2025,1053,2094,403,3,493.35,10,MO
603,5/4/2025,1042,2078,402,1,127.81,5,MN
604,5/4/2025,1052,2007,403,2,2333.56,20,IA
605,5/4/2025,1152,2068,402,2,656.19,5,TX
606,5/4/2025,1180,2037,403,2,288.11,10,MO
607,5/4/2025,1131,2086,401,1,2414.07,60,MN
608,5/4/2025,1192,2052,401,2,0,50,IA
609,5/4/2025,1167,2016,402,1,290.72,25,TX
610,5/4/2025,1037,2091,403,1,0,1,MO
611,5/4/2025,1194,2086,404,3,0,20,MN
612,5/4/2025,1036,2073,403,3,1997.72,17,IA
613,5/4/2025,1096,2057,401,0,1310.94,25,TX
614,5/4/2025,1103,2065,403,2,376.27,10,MO
615,5/4/2025,1116,2062,403,0,1238.72,5,MN
616,5/4/2025,1198,2093,401,3,0,20,IA
617,5/4/2025,1162,2085,403,0,0,5,TX
618,5/4/2025,1136,2050,402,3,933.9,10,MO
619,5/4/2025,1054,2063,403,2,441.97,60,MN
620,5/4/2025,1072,2043,402,3,4367.25,50,IA
621,5/4/2025,1087,2087,401,0,637.28,25,TX
622,5/4/2025,1025,2080,404,0,3329.04,1,MO
623,5/4/2025,1031,2020,404,3,1127.49,20,MN
624,5/4/2025,1000,2054,402,1,1620.92,17,IA
625,5/4/2025,1166,2038,402,2,2223.62,25,TX
626,5/4/2025,1023,2083,403,2,1229.06,10,MO
627,5/4/2025,1021,2047,402,0,1674.9,5,MN
628,5/4/2025,1101,2080,403,1,3745.17,20,IA
629,5/4/2025,1109,2083,401,0,768.16,5,TX
630,5/4/2025,1000,2027,404,0,517.22,10,MO
631,5/4/2025,1033,2075,402,3,780.64,60,MN
632,5/4/2025,1002,2001,403,0,824.7,50,IA
633,5/4/2025,1108,2088,402,3,3546.75,25,TX
634,5/4/2025,1018,2029,404,0,27.02,1,MO
635,5/4/2025,1187,2013,401,2,2993.15,20,MN
636,5/4/2025,1094,2038,402,3,926.51,17,IA
637,5/4/2025,1198,2096,402,1,1814.89,25,TX
638,5/4/2025,1017,2067,401,1,523.71,10,MO
639,5/4/2025,1112,2044,402,1,560.47,5,MN
640,5/4/2025,1105,2078,404,1,383.43,20,IA
641,5/4/2025,1022,2012,402,0,623.19,5,TX
642,5/4/2025,1150,2093,404,2,1814.26,10,MO
643,5/4/2025,1109,2040,402,1,31.09,60,MN
644,5/4/2025,1070,2082,401,1,719.82,50,IA
645,5/4/2025,1141,2076,403,0,3224.28,25,TX
646,5/4/2025,1168,2038,402,1,1667.72,1,MO
647,5/4/2025,1191,2050,403,0,560.34,20,MN
648,5/4/2025,1005,2030,404,3,679.88,17,IA
649,5/4/2025,1028,2030,404,0,509.91,25,TX
650,5/4/2025,1135,2001,403,2,989.64,10,MO
651,5/4/2025,1033,2049,404,2,751.87,5,MO
652,5/4/2025,1139,2087,402,3,0,20,MN
653,5/4/2025,1197,2009,401,0,265.24,5,IA
654,5/4/2025,1003,2033,402,0,836.25,10,TX
655,5/4/2025,1015,2050,403,3,560.34,60,MO
656,5/4/2025,1108,2089,404,0,413.52,50,MN
657,5/4/2025,1163,2068,402,2,3280.96,25,IA
658,5/4/2025,1021,2039,401,1,878.8,1,TX
659,5/4/2025,1039,2068,403,3,2460.72,0,MO
660,5/4/2025,1150,2081,401,2,1193.95,20,MN
661,5/4/2025,1178,2055,402,0,53.94,17,IA
662,5/4/2025,1062,2011,404,0,0,25,TX
663,5/4/2025,1116,2078,401,2,0,10,MO
664,5/4/2025,1170,2094,402,0,986.7,5,MN
665,5/4/2025,1003,2090,402,0,143.28,20,IA
666,5/4/2025,1041,2063,403,2,1325.9,5,TX
667,5/4/2025,1042,2047,402,2,803.95,10,MO
668,5/4/2025,1187,2015,401,2,0,60,MN
669,5/4/2025,1109,2034,401,2,326.81,50,IA
670,5/4/2025,1182,2073,401,3,499.43,25,TX
671,5/4/2025,1116,2065,403,0,470.34,1,MO
672,5/4/2025,1127,2072,402,2,1008.72,20,MN
673,5/4/2025,1040,2032,401,0,0,17,IA
674,5/4/2025,1058,2094,401,0,493.35,25,TX
675,5/4/2025,1003,2031,401,3,1695.9,10,MO
676,5/4/2025,1093,2049,402,1,1691.71,5,MN
677,5/4/2025,1009,2070,404,1,30.76,20,IA
678,5/4/2025,1082,2031,404,2,452.24,5,TX
679,5/4/2025,1069,2009,403,0,0,10,MO
680,5/4/2025,1128,2086,401,1,804.69,60,MN
681,5/4/2025,1057,2066,401,3,1548.18,50,IA
682,5/4/2025,1017,2059,403,2,409.64,25,TX
683,5/4/2025,1083,2011,404,0,1638.96,1,MO
684,5/4/2025,1094,2025,403,2,223.7,20,MN
685,5/4/2025,1189,2079,402,3,3802.16,17,IA
686,5/4/2025,1094,2075,404,1,702.58,25,TX
687,5/4/2025,1187,2069,402,1,627.45,10,MO
688,5/4/2025,1001,2052,401,1,0,5,MN
689,5/4/2025,1138,2044,401,2,166.06,20,IA
690,5/4/2025,1000,2097,404,2,1347.36,5,TX
691,5/4/2025,1026,2026,402,3,211.56,10,MO
692,5/4/2025,1125,2007,402,2,933.42,60,MN
693,5/4/2025,1023,2005,402,3,1286.34,50,IA
694,5/4/2025,1179,2047,404,0,669.96,25,TX
695,5/4/2025,1148,2012,402,3,3115.95,1,MO
696,5/4/2025,1019,2075,401,3,2341.92,20,MN
697,5/4/2025,1169,2016,402,2,775.25,17,IA
698,5/4/2025,1066,2040,404,2,55.26,25,TX
699,5/4/2025,1081,2057,403,1,393.28,10,MO
700,5/4/2025,1019,2025,402,0,559.24,5,MN
701,5/4/2025,1039,2013,402,3,4676.8,20,IA
702,5/4/2025,1119,2040,404,0,69.08,5,TX
703,5/4/2025,1137,2045,402,3,0,10,MO
704,5/4/2025,1078,2059,403,0,1536.15,60,MN
705,5/4/2025,1023,2020,403,0,0,50,IA
706,5/4/2025,1055,2041,402,0,4021.05,25,TX
707,5/4/2025,1182,2031,403,3,1695.9,1,MO
708,5/4/2025,1131,2006,403,2,475.2,20,MN
709,5/4/2025,1044,2003,404,3,1155.54,17,IA
710,5/4/2025,1142,2095,402,0,2453.95,25,TX
711,5/4/2025,1118,2013,402,0,1870.72,10,MO
712,5/4/2025,1003,2007,402,1,1050.1,5,MN
713,5/4/2025,1050,2051,403,0,117.32,20,IA
714,5/4/2025,1149,2075,403,0,780.64,5,TX
715,5/4/2025,1005,2008,402,3,466.13,10,MO
716,5/4/2025,1032,2011,403,0,409.74,60,MN
717,5/4/2025,1010,2059,401,1,921.69,50,IA
718,5/4/2025,1146,2055,404,3,0,25,TX
719,5/4/2025,1007,2048,404,1,1287.47,1,MO
720,5/4/2025,1090,2027,402,2,413.78,0,MN
721,5/4/2025,1071,2057,402,0,1310.94,20,IA
722,5/4/2025,1157,2079,402,2,2281.3,17,TX
723,5/4/2025,1127,2052,404,0,2193.78,25,MO
724,5/4/2025,1022,2035,404,1,1619.98,10,MN
725,5/4/2025,1107,2025,402,0,279.62,5,IA
726,5/4/2025,1097,2091,403,3,2717.37,20,TX
727,5/4/2025,1139,2062,403,2,1486.46,5,MO
728,5/4/2025,1099,2034,402,0,408.51,10,MN
729,5/4/2025,1081,2076,402,0,2418.21,60,IA
730,5/4/2025,1199,2035,401,3,2699.97,50,TX
731,5/4/2025,1135,2045,402,1,842.78,25,MO
732,5/4/2025,1025,2031,402,2,904.48,1,MN
733,5/4/2025,1136,2094,401,1,0,20,IA
734,5/4/2025,1147,2049,403,1,3383.42,17,TX
735,5/4/2025,1045,2030,403,2,407.93,25,MO
736,5/4/2025,1151,2003,403,1,693.32,10,MN
737,5/4/2025,1144,2024,404,2,298.25,5,IA
738,5/4/2025,1044,2062,401,0,1238.72,20,TX
739,5/4/2025,1014,2029,402,0,13.51,5,MO
740,5/4/2025,1134,2061,401,2,639.74,10,MN
741,5/4/2025,1157,2025,402,2,671.09,60,IA
742,5/4/2025,1183,2022,403,0,2684.72,50,TX
743,5/4/2025,1005,2018,402,0,542.26,25,MO
744,5/4/2025,1134,2046,401,2,53.49,1,MN
745,5/4/2025,1180,2084,404,0,281.85,20,IA
746,5/4/2025,1086,2038,403,1,1667.72,17,TX
747,5/4/2025,1040,2093,404,3,755.94,25,MO
748,5/4/2025,1166,2040,402,2,27.63,10,MN
749,5/4/2025,1057,2085,402,3,1452.9,5,IA
750,5/4/2025,1078,2093,403,1,0,20,TX
751,5/4/2025,1045,2093,401,3,2267.82,5,MO
752,5/4/2025,1197,2072,401,1,1513.08,10,MN
753,5/4/2025,1154,2040,402,0,69.08,60,IA
754,5/4/2025,1127,2018,403,0,0,50,TX
755,5/4/2025,1060,2044,403,1,934.11,25,MO
756,5/4/2025,1162,2011,403,3,1229.22,1,MN
757,5/4/2025,1002,2033,402,1,3010.5,20,IA
758,5/4/2025,1177,2008,403,2,159.82,17,TX
759,5/4/2025,1027,2092,401,0,482.21,25,MO
760,5/4/2025,1098,2056,404,1,944.5,10,MN
761,5/4/2025,1105,2063,404,2,2209.84,5,IA
762,5/4/2025,1139,2048,401,3,357.63,20,TX
763,5/4/2025,1147,2083,402,1,691.34,5,MO
764,5/4/2025,1115,2009,401,2,53.05,10,MN
765,5/4/2025,1005,2040,403,0,103.62,60,IA
766,5/4/2025,1018,2043,402,3,2620.35,50,TX
767,5/4/2025,1041,2093,401,0,755.94,25,MO
768,5/4/2025,1086,2076,404,0,0,1,MN
769,5/4/2025,1110,2083,402,3,768.16,20,IA
770,5/4/2025,1040,2006,401,2,0,17,TX
771,5/4/2025,1052,2024,404,2,298.25,25,MO
772,5/4/2025,1169,2036,403,1,392.36,10,MN
773,5/4/2025,1024,2006,404,3,0,5,IA
774,5/4/2025,1039,2006,403,0,198,20,TX
775,5/4/2025,1109,2011,403,3,1638.96,5,MO
776,5/4/2025,1051,2012,401,1,1121.74,10,MN
777,5/4/2025,1043,2081,403,0,746.22,60,IA
778,5/4/2025,1121,2014,403,3,985.2,50,TX
779,5/4/2025,1120,2062,403,0,2477.44,25,MO
780,5/4/2025,1164,2069,404,1,0,1,MN
781,5/4/2025,1094,2048,403,1,321.87,0,IA
782,5/4/2025,1114,2005,403,3,428.78,20,TX
783,5/4/2025,1119,2033,402,2,1338,17,MO
784,5/4/2025,1144,2007,402,0,1166.78,25,MN
785,5/4/2025,1021,2085,403,3,0,10,IA
786,5/4/2025,1193,2075,402,0,1561.28,5,TX
787,5/4/2025,1099,2066,404,3,0,20,MO
788,5/4/2025,1146,2030,404,2,543.9,5,MN
789,5/4/2025,1020,2050,401,1,168.1,10,IA
790,5/4/2025,1030,2096,404,1,3024.81,60,TX
791,5/4/2025,1042,2027,402,1,232.75,50,MO
792,5/4/2025,1010,2054,401,3,900.51,25,MN
793,5/4/2025,1051,2080,402,2,0,1,IA
794,5/4/2025,1081,2093,401,0,755.94,20,TX
795,5/4/2025,1099,2071,404,2,984.26,17,MO
796,5/4/2025,1070,2066,404,0,0,25,MN
797,5/4/2025,1179,2079,404,0,2851.62,10,IA
798,5/4/2025,1106,2019,402,0,3735.72,5,TX
799,5/4/2025,1027,2072,401,2,672.48,20,MO
800,5/4/2025,1137,2044,404,2,830.32,5,MN
801,5/4/2025,1098,2083,404,3,2304.48,10,IA
802,5/4/2025,1009,2022,403,3,2684.72,60,TX
803,5/4/2025,1036,2079,404,0,950.54,50,MO
804,5/4/2025,1101,2042,402,0,335.22,25,MN
805,5/4/2025,1190,2060,403,2,0,1,IA
806,5/4/2025,1005,2043,403,2,2096.28,20,TX
807,5/4/2025,1071,2062,401,1,557.42,17,MO
808,5/4/2025,1034,2038,404,2,2223.62,25,MN
809,5/4/2025,1068,2093,404,0,2267.82,10,IA
810,5/4/2025,1048,2056,402,3,524.72,5,TX
811,5/4/2025,1189,2062,403,0,1858.08,20,MO
812,5/4/2025,1131,2020,401,2,0,5,MN
813,5/4/2025,1181,2064,404,1,264.64,10,IA
814,5/4/2025,1199,2067,401,1,0,60,TX
815,5/4/2025,1049,2025,401,1,503.32,50,MO
816,5/4/2025,1008,2058,401,2,533.4,25,MN
817,5/4/2025,1180,2025,403,2,894.78,1,IA
818,5/4/2025,1118,2064,404,0,882.12,20,TX
819,5/4/2025,1174,2003,402,2,308.14,17,MO
820,5/4/2025,1125,2076,404,1,725.46,25,MN
821,5/4/2025,1121,2075,403,2,2498.05,10,IA
822,5/4/2025,1041,2033,401,2,669,5,TX
823,5/4/2025,1007,2049,401,1,845.86,20,MO
824,5/4/2025,1146,2099,402,1,581.69,5,MN
825,5/4/2025,1165,2028,402,2,1531.06,10,IA
826,5/4/2025,1166,2052,401,0,731.26,60,TX
827,5/4/2025,1121,2016,402,0,646.04,50,MO
828,5/4/2025,1057,2032,403,2,3782.4,25,MN
829,5/4/2025,1108,2048,403,3,357.63,1,IA
830,5/4/2025,1064,2027,404,2,413.78,20,TX
831,5/4/2025,1173,2066,404,0,2580.3,17,MO
832,5/4/2025,1001,2065,403,2,376.27,25,MN
833,5/4/2025,1076,2087,401,3,796.6,10,IA
834,5/4/2025,1016,2043,403,2,2795.04,5,TX
835,5/4/2025,1070,2033,403,1,752.62,20,MO
836,5/4/2025,1038,2066,402,0,1032.12,5,MN
837,5/4/2025,1153,2051,403,1,316.76,10,IA
838,5/4/2025,1184,2003,404,2,1848.86,60,TX
839,5/4/2025,1066,2053,404,3,0,50,MO
840,5/4/2025,1188,2004,402,2,2967.2,25,MN
841,5/4/2025,1185,2091,402,3,3623.16,1,IA
842,5/4/2025,1171,2045,403,1,280.93,0,TX
843,5/4/2025,1168,2071,402,2,1968.51,20,MO
844,5/4/2025,1024,2060,402,2,326.7,17,MN
845,5/4/2025,1185,2071,402,2,984.26,25,IA
846,5/4/2025,1167,2011,402,2,327.79,10,TX
847,5/4/2025,1057,2095,403,3,2453.95,5,MO
848,5/4/2025,1084,2047,403,2,803.95,20,MN
849,5/4/2025,1118,2015,404,0,4049.82,5,IA
850,5/4/2025,1162,2074,401,3,659.5,10,TX
851,5/4/2025,1049,2064,401,3,882.12,60,MO
852,5/4/2025,1135,2038,404,0,926.51,50,MN
853,5/4/2025,1038,2017,402,2,741.92,25,IA
854,5/4/2025,1104,2072,404,1,1134.81,1,TX
855,5/4/2025,1080,2091,402,0,2717.37,20,MO
856,5/4/2025,1124,2042,402,2,0,17,MN
857,5/4/2025,1162,2007,401,3,583.39,25,IA
858,5/4/2025,1070,2026,402,1,190.4,10,TX
859,5/4/2025,1125,2097,401,1,3031.56,5,MO
860,5/4/2025,1157,2055,404,3,53.94,20,MN
861,5/4/2025,1109,2061,404,0,799.68,5,IA
862,5/4/2025,1009,2068,402,2,0,10,TX
863,5/4/2025,1003,2041,402,0,2412.63,60,MO
864,5/4/2025,1173,2000,402,1,872.38,50,MN
865,5/4/2025,1177,2044,403,1,373.64,25,IA
866,5/4/2025,1026,2049,403,1,3383.42,1,TX
867,5/4/2025,1016,2005,403,2,686.05,20,MO
868,5/4/2025,1116,2093,403,3,755.94,17,MN
869,5/4/2025,1175,2017,403,3,463.7,25,IA
870,5/4/2025,1091,2096,402,1,1209.92,10,TX
871,5/4/2025,1103,2002,402,1,779.4,5,MO
872,5/4/2025,1186,2016,402,0,646.04,20,MN
873,5/4/2025,1150,2064,402,0,294.04,5,IA
874,5/4/2025,1093,2091,401,3,2717.37,10,TX
875,5/4/2025,1163,2032,401,0,0,60,MO
876,5/4/2025,1169,2013,401,0,935.36,50,MN
877,5/4/2025,1176,2014,404,3,1231.5,25,IA
878,5/4/2025,1097,2015,403,3,2699.88,1,TX
879,5/4/2025,1179,2019,402,0,1867.86,20,MO
880,5/4/2025,1077,2053,401,2,976.24,17,MN
881,5/4/2025,1159,2077,402,3,561.83,25,IA
882,5/4/2025,1026,2065,401,2,1881.36,10,TX
883,5/4/2025,1029,2013,404,1,0,5,MO
884,5/4/2025,1155,2025,403,1,503.32,20,MN
885,5/4/2025,1091,2090,404,2,171.94,5,IA
886,5/4/2025,1041,2005,404,1,385.9,10,TX
887,5/4/2025,1176,2061,403,1,359.86,60,MO
888,5/4/2025,1000,2001,401,0,1649.4,50,MN
889,5/4/2025,1146,2085,404,1,653.81,25,IA
890,5/4/2025,1023,2099,401,0,1292.64,1,TX
891,5/4/2025,1065,2082,402,3,266.6,20,MO
892,5/4/2025,1075,2033,404,0,2508.75,17,MN
893,5/4/2025,1025,2022,401,2,1073.89,25,IA
894,5/4/2025,1092,2086,403,3,894.1,10,TX
895,5/4/2025,1189,2014,401,0,0,5,MO
896,5/4/2025,1002,2017,402,2,0,20,MN
897,5/4/2025,1091,2056,403,0,1049.44,5,IA
898,5/4/2025,1095,2043,402,0,0,10,TX
899,5/4/2025,1102,2051,404,2,93.86,60,MO
900,5/4/2025,1098,2088,404,3,0,50,MN
901,5/4/2025,1166,2021,401,1,0,25,IA
902,5/4/2025,1178,2092,401,1,867.98,1,TX
903,5/4/2025,1026,2053,404,3,1830.45,0,MO
904,5/4/2025,1046,2078,404,2,454.43,20,MN
905,5/4/2025,1156,2003,402,3,1925.9,17,IA
906,5/4/2025,1124,2014,404,3,0,25,TX
907,5/4/2025,1011,2008,403,2,106.54,10,MO
908,5/4/2025,1003,2090,402,2,57.31,5,MN
909,5/4/2025,1132,2066,401,3,1548.18,20,IA
910,5/4/2025,1169,2093,402,3,755.94,5,TX
911,5/4/2025,1088,2084,404,1,0,10,MO
912,5/4/2025,1142,2078,401,0,568.04,60,MN
913,5/4/2025,1164,2020,404,3,1879.15,50,IA
914,5/4/2025,1042,2009,404,2,53.05,25,TX
915,5/4/2025,1061,2042,403,0,167.61,1,MO
916,5/4/2025,1129,2028,404,3,2551.76,20,MN
917,5/4/2025,1060,2010,404,3,544.88,17,IA
918,5/4/2025,1146,2057,401,3,436.98,25,TX
919,5/4/2025,1114,2040,401,3,34.54,10,MO
920,5/4/2025,1190,2083,401,0,2304.48,5,MN
921,5/4/2025,1103,2052,401,0,2193.78,20,IA
922,5/4/2025,1023,2077,403,1,505.65,5,TX
923,5/4/2025,1167,2085,404,2,387.44,10,MO
924,5/4/2025,1093,2006,402,3,594,60,MN
925,5/4/2025,1084,2071,404,2,492.13,50,IA
926,5/4/2025,1183,2057,401,0,873.96,25,TX
927,5/4/2025,1194,2084,402,0,563.7,1,MO
928,5/4/2025,1087,2045,403,2,499.42,20,MN
929,5/4/2025,1179,2013,401,1,1683.65,17,IA
930,5/4/2025,1126,2017,404,0,927.4,25,TX
931,5/4/2025,1065,2078,402,1,127.81,10,MO
932,5/4/2025,1030,2050,402,3,186.78,5,MN
933,5/4/2025,1005,2024,403,0,621.35,20,IA
934,5/4/2025,1193,2053,401,0,1830.45,5,TX
935,5/4/2025,1197,2057,404,1,1179.85,10,MO
936,5/4/2025,1127,2000,401,3,969.31,60,MN
937,5/4/2025,1149,2061,402,1,359.86,50,IA
938,5/4/2025,1187,2016,401,3,2584.16,25,TX
939,5/4/2025,1168,2076,403,3,2418.21,1,MO
940,5/4/2025,1107,2077,402,2,898.93,20,MN
941,5/4/2025,1101,2043,403,3,3493.8,17,IA
942,5/4/2025,1034,2017,404,2,0,25,TX
943,5/4/2025,1179,2070,403,1,61.52,10,MO
944,5/4/2025,1051,2026,403,2,338.5,5,MN
945,5/4/2025,1172,2016,402,2,516.83,20,IA
946,5/4/2025,1181,2014,403,3,246.3,5,TX
947,5/4/2025,1149,2073,404,2,799.09,10,MO
948,5/4/2025,1108,2001,401,0,412.35,60,MN
949,5/4/2025,1097,2018,401,0,1084.52,50,IA
950,5/4/2025,1051,2034,402,2,217.87,25,TX
951,5/4/2025,1174,2032,402,0,4728,1,MO
952,5/4/2025,1176,2037,402,0,720.28,20,MN
953,5/4/2025,1091,2057,401,1,786.56,17,IA
954,5/4/2025,1190,2082,404,1,239.94,25,TX
955,5/4/2025,1130,2089,403,0,413.52,10,MO
956,5/4/2025,1097,2049,404,2,0,5,MN
957,5/4/2025,1141,2006,401,2,0,20,IA
958,5/4/2025,1051,2079,404,1,1710.97,5,TX
959,5/4/2025,1162,2090,403,1,257.9,10,MO
960,5/4/2025,1198,2092,402,2,771.54,60,MN
961,5/4/2025,1114,2022,401,1,3020.31,50,IA
962,5/4/2025,1044,2094,401,3,493.35,25,TX
963,5/4/2025,1010,2054,403,2,720.41,1,MO
964,5/4/2025,1033,2020,403,0,751.66,0,MN
965,5/4/2025,1084,2059,402,0,0,20,IA
966,5/4/2025,1039,2041,401,2,0,17,TX
967,5/4/2025,1125,2073,403,0,1997.72,25,MO
968,5/4/2025,1005,2090,403,1,193.43,10,MN
969,5/4/2025,1047,2066,401,1,464.45,5,IA
970,5/4/2025,1106,2069,404,0,464.78,20,TX
971,5/4/2025,1089,2028,402,2,0,5,MO
972,5/4/2025,1084,2046,403,1,0,10,MN
973,5/4/2025,1192,2079,404,0,950.54,60,IA
974,5/4/2025,1029,2085,403,3,726.45,50,TX
975,5/4/2025,1061,2082,402,0,533.2,25,MO
976,5/4/2025,1174,2041,404,0,804.21,1,MN
977,5/4/2025,1098,2032,403,0,0,20,IA
978,5/4/2025,1132,2098,403,3,3631.44,17,TX
979,5/4/2025,1124,2005,403,1,1157.71,25,MO
980,5/4/2025,1082,2065,401,0,1411.02,10,MN
981,5/4/2025,1042,2098,401,0,4539.3,5,IA
982,5/4/2025,1053,2085,402,3,726.45,20,TX
983,5/4/2025,1026,2026,404,0,423.12,5,MO
984,5/4/2025,1191,2087,402,0,477.96,10,MN
985,5/4/2025,1117,2091,403,0,1811.58,60,IA
986,5/4/2025,1022,2009,401,1,119.36,50,TX
987,5/4/2025,1064,2071,401,1,1107.29,25,MO
988,5/4/2025,1066,2052,404,3,5118.82,1,MN
989,5/4/2025,1161,2051,404,2,375.42,20,IA
990,5/4/2025,1004,2049,401,0,939.84,17,TX
991,5/4/2025,1164,2092,401,0,2893.26,25,MO
992,5/4/2025,1179,2009,403,0,66.31,10,MN
993,5/4/2025,1074,2087,403,0,477.96,5,IA
994,5/4/2025,1072,2097,404,3,842.1,20,TX
995,5/4/2025,1101,2084,401,3,1127.4,5,MO
996,5/4/2025,1040,2068,402,1,2952.86,10,MN
997,5/4/2025,1191,2050,403,1,504.31,60,IA
998,5/4/2025,1076,2086,403,0,2682.3,50,TX
999,5/4/2025,1141,2071,402,0,1230.32,25,MO
1000,5/4/2025,1010,2000,404,0,3877.24,1,MN
1001,5/4/2025,1078,2026,403,1,761.62,20,IA
1002,5/4/2025,1105,2082,402,1,239.94,17,TX
1003,5/4/2025,1047,2028,403,1,1148.29,25,MO
1004,5/4/2025,1029,2023,401,3,2818.62,10,MN
1005,5/4/2025,1165,2070,401,2,54.69,5,IA
1006,5/4/2025,1171,2008,403,0,133.18,20,TX
1007,5/4/2025,1050,2092,404,2,771.54,5,MO
1008,5/4/2025,1091,2016,402,0,1292.08,10,MN
1009,5/4/2025,1072,2079,401,1,855.49,60,IA
1010,5/4/2025,1081,2062,404,2,495.49,50,TX
1011,5/4/2025,1157,2084,403,1,253.67,25,MO
1012,5/4/2025,1144,2072,403,2,672.48,1,MN
1013,5/4/2025,1109,2021,401,2,668.33,20,IA
1014,5/4/2025,1063,2028,404,2,510.35,17,TX
1015,5/4/2025,1092,2017,403,3,1854.8,25,MO
1016,5/4/2025,1118,2057,403,2,699.17,10,MN
1017,5/4/2025,1124,2070,401,1,30.76,5,IA
1018,5/4/2025,1165,2077,401,2,449.46,20,TX
1019,5/4/2025,1035,2068,402,2,1968.58,5,MO
1020,5/4/2025,1187,2080,401,0,0,10,MN
1021,5/4/2025,1004,2064,401,3,882.12,60,IA
1022,5/4/2025,1196,2075,402,0,2341.92,50,TX
1023,5/4/2025,1141,2033,404,1,0,25,MO
1024,5/4/2025,1093,2050,402,2,448.27,1,MN
1025,5/4/2025,1034,2059,401,3,1536.15,0,IA
1026,5/4/2025,1093,2064,401,1,793.91,20,TX
1027,5/4/2025,1157,2087,402,1,286.78,17,MO
1028,5/4/2025,1114,2020,402,1,676.49,25,MN
1029,5/4/2025,1188,2093,404,2,1814.26,10,IA
1030,5/4/2025,1010,2028,404,1,1148.29,5,TX
1031,5/4/2025,1016,2033,403,1,2257.88,20,MO
1032,5/4/2025,1010,2085,402,2,387.44,5,MN
1033,5/4/2025,1099,2060,404,0,0,10,IA
1034,5/4/2025,1010,2083,403,0,768.16,60,TX
1035,5/4/2025,1180,2066,403,2,1238.54,50,MO
1036,5/4/2025,1148,2069,402,3,697.17,25,MN
1037,5/4/2025,1167,2048,403,0,1072.89,1,IA
1038,5/4/2025,1132,2032,404,1,851.04,20,TX
1039,5/4/2025,1132,2051,403,2,187.71,17,MO
1040,5/4/2025,1124,2061,401,1,0,25,MN
1041,5/4/2025,1112,2021,402,0,835.41,10,IA
1042,5/4/2025,1131,2082,403,1,239.94,5,TX
1043,5/4/2025,1038,2023,402,2,0,20,MO
1044,5/4/2025,1154,2091,401,1,3260.84,5,MN
1045,5/4/2025,1106,2042,401,3,1173.27,10,IA
1046,5/4/2025,1172,2061,404,1,719.71,60,TX
1047,5/4/2025,1151,2020,404,0,1127.49,50,MO
1048,5/4/2025,1062,2005,402,1,385.9,25,MN
1049,5/4/2025,1034,2080,401,1,2996.14,1,IA
1050,5/4/2025,1014,2021,403,1,1503.74,20,TX
1051,5/4/2025,1132,2051,401,2,281.57,17,MO
1052,5/4/2025,1021,2027,404,3,775.83,25,MN
1053,5/4/2025,1123,2021,402,3,0,10,IA
1054,5/4/2025,1153,2018,402,2,867.62,5,TX
1055,5/4/2025,1042,2092,403,3,1446.63,20,MO
1056,5/4/2025,1152,2075,401,1,2107.73,5,MN
1057,5/4/2025,1096,2049,402,0,939.84,10,IA
1058,5/4/2025,1004,2025,404,1,0,60,TX
1059,5/4/2025,1155,2012,402,3,623.19,50,MO
1060,5/4/2025,1157,2076,401,0,2418.21,25,MN
1061,5/4/2025,1023,2061,402,0,199.92,1,IA
1062,5/4/2025,1198,2086,404,3,894.1,20,TX
1063,5/4/2025,1094,2005,404,1,771.8,17,MO
1064,5/4/2025,1123,2098,404,2,3631.44,25,MN
1065,5/4/2025,1150,2094,401,3,2466.75,10,IA
1066,5/4/2025,1034,2032,404,1,1702.08,5,TX
1067,5/4/2025,1021,2036,404,2,348.77,20,MO
1068,5/4/2025,1048,2000,401,0,4846.55,5,MN
1069,5/4/2025,1133,2000,404,1,872.38,10,IA
1070,5/4/2025,1176,2040,404,2,55.26,60,TX
1071,5/4/2025,1027,2019,404,2,747.14,50,MO
1072,5/4/2025,1066,2068,404,2,1968.58,25,MN
1073,5/4/2025,1156,2035,404,1,0,1,IA
1074,5/4/2025,1105,2070,404,1,0,20,TX
1075,5/4/2025,1094,2071,404,2,984.26,17,MO
1076,5/4/2025,1078,2073,403,3,499.43,25,MN
1077,5/4/2025,1188,2017,401,1,417.33,10,IA
1078,5/4/2025,1114,2089,402,0,827.04,5,TX
1079,5/4/2025,1054,2065,404,2,376.27,20,MO
1080,5/4/2025,1140,2078,401,1,255.62,5,MN
1081,5/4/2025,1099,2081,401,0,1492.44,10,IA
1082,5/4/2025,1037,2060,404,0,1225.14,60,TX
1083,5/4/2025,1016,2033,402,2,2007,50,MO
1084,5/4/2025,1020,2077,401,3,561.83,25,MN
1085,5/4/2025,1102,2078,403,0,142.01,1,IA
1086,5/4/2025,1198,2022,404,3,671.18,0,TX
1087,5/4/2025,1002,2025,403,1,503.32,20,MO
1088,5/4/2025,1008,2076,402,1,1450.93,17,MN
1089,5/4/2025,1172,2004,403,1,834.52,25,IA
1090,5/4/2025,1167,2000,402,0,969.31,10,TX
1091,5/4/2025,1070,2099,404,2,1551.17,5,MO
1092,5/4/2025,1171,2050,404,1,168.1,20,MN
1093,5/4/2025,1132,2001,401,0,2061.75,5,IA
1094,5/4/2025,1140,2036,403,2,348.77,10,TX
1095,5/4/2025,1070,2028,402,3,2551.76,60,MO
1096,5/4/2025,1103,2073,401,2,0,50,MN
1097,5/4/2025,1044,2052,401,0,2193.78,25,MO
1098,5/4/2025,1128,2037,403,0,0,1,MN
1099,5/4/2025,1131,2032,403,3,4728,20,IA
1100,5/4/2025,1096,2072,404,1,378.27,17,TX
1101,5/4/2025,1193,2043,404,3,2620.35,25,MO
1102,5/4/2025,1150,2003,404,0,1155.54,10,MN
1103,5/4/2025,1066,2008,404,1,59.93,5,IA
1104,5/4/2025,1173,2089,402,2,0,20,TX
1105,5/4/2025,1105,2045,401,2,499.42,5,MO
1106,5/4/2025,1063,2036,401,3,653.94,10,MN
1107,5/4/2025,1172,2095,403,0,981.58,60,IA
1108,5/4/2025,1141,2022,404,2,0,50,TX
1109,5/4/2025,1090,2027,403,1,698.25,25,MO
1110,5/4/2025,1191,2087,402,3,955.92,1,MN
1111,5/4/2025,1188,2025,402,1,251.66,20,IA
1112,5/4/2025,1067,2026,402,1,380.81,17,TX
1113,5/4/2025,1063,2079,403,1,1710.97,25,MO
1114,5/4/2025,1199,2013,401,0,5612.16,10,MN
1115,5/4/2025,1173,2084,404,0,281.85,5,IA
1116,5/4/2025,1195,2069,401,3,697.17,20,TX
1117,5/4/2025,1095,2079,403,3,950.54,5,MO
1118,5/4/2025,1147,2035,404,1,809.99,10,MN
1119,5/4/2025,1195,2065,403,3,1411.02,60,IA
1120,5/4/2025,1056,2096,402,0,0,50,TX
1121,5/4/2025,1134,2054,404,0,3602.04,25,MO
1122,5/4/2025,1128,2044,404,1,373.64,1,MN
1123,5/4/2025,1117,2015,404,2,1619.93,20,IA
1124,5/4/2025,1176,2001,401,1,371.12,17,TX
1125,5/4/2025,1097,2074,401,2,527.6,25,MO
1126,5/4/2025,1092,2078,403,1,383.43,10,MN
1127,5/4/2025,1140,2033,402,2,1338,5,IA
1128,5/4/2025,1120,2078,403,2,227.22,20,TX
1129,5/4/2025,1047,2063,404,1,0,5,MO
1130,5/4/2025,1107,2089,403,2,330.82,10,MN
1131,5/4/2025,1102,2035,404,1,1619.98,60,IA
1132,5/4/2025,1146,2016,402,0,0,50,TX
1133,5/4/2025,1184,2034,402,3,680.85,25,MO
1134,5/4/2025,1097,2025,402,1,1258.29,1,MN
1135,5/4/2025,1121,2001,402,3,0,20,IA
1136,5/4/2025,1127,2017,403,3,0,17,TX
1137,5/4/2025,1076,2032,401,3,6619.2,25,MO
1138,5/4/2025,1025,2088,402,0,0,10,MN
1139,5/4/2025,1055,2032,404,0,945.6,5,IA
1140,5/4/2025,1115,2095,403,2,0,20,TX
1141,5/4/2025,1092,2046,403,2,80.23,5,MO
1142,5/4/2025,1005,2052,401,2,1170.02,10,MN
1143,5/4/2025,1173,2077,402,1,1516.94,60,IA
1144,5/4/2025,1199,2036,403,2,871.92,50,TX
1145,5/4/2025,1172,2065,404,3,2822.04,25,MO
1146,5/4/2025,1020,2048,403,3,1072.89,1,MN
1147,5/4/2025,1161,2018,402,2,1301.42,0,IA
1148,5/4/2025,1107,2080,404,0,4993.56,20,TX
1149,5/4/2025,1020,2020,403,1,1014.74,17,MO
1150,5/4/2025,1080,2040,403,2,55.26,25,MN
1151,5/4/2025,1154,2082,404,2,639.84,10,IA
1152,5/4/2025,1113,2099,403,3,646.32,5,TX
1153,5/4/2025,1105,2021,402,0,835.41,20,MO
1154,5/4/2025,1032,2093,402,2,2419.01,5,MN
1155,5/4/2025,1190,2089,401,1,0,10,IA
1156,5/4/2025,1042,2050,401,0,1120.68,60,TX
1157,5/4/2025,1016,2060,401,0,816.76,50,MO
1158,5/4/2025,1197,2050,401,0,560.34,25,MN
1159,5/4/2025,1067,2079,402,0,1901.08,1,IA
1160,5/4/2025,1167,2049,403,1,0,20,TX
1161,5/4/2025,1063,2094,403,3,493.35,17,MO
1162,5/4/2025,1160,2016,402,1,1162.87,25,MN
1163,5/4/2025,1007,2004,403,2,2225.4,10,IA
1164,5/4/2025,1121,2059,403,3,2048.2,5,TX
1165,5/4/2025,1034,2089,402,3,2481.12,20,MO
1166,5/4/2025,1161,2095,404,2,392.63,5,MN
1167,5/4/2025,1088,2061,402,0,799.68,10,IA
1168,5/4/2025,1113,2039,403,3,976.44,60,TX
1169,5/4/2025,1066,2019,403,0,933.93,50,MO
1170,5/4/2025,1000,2066,402,2,412.85,25,MN
1171,5/4/2025,1073,2060,401,3,0,1,IA
1172,5/4/2025,1193,2061,403,0,199.92,20,TX
1173,5/4/2025,1196,2055,403,1,194.18,17,MO
1174,5/4/2025,1001,2070,403,1,61.52,25,MN
1175,5/4/2025,1105,2071,404,3,615.16,10,IA
1176,5/4/2025,1063,2020,404,3,375.83,5,TX
1177,5/4/2025,1056,2033,401,3,836.25,20,MO
1178,5/4/2025,1160,2030,403,2,271.95,5,MN
1179,5/4/2025,1166,2095,403,3,1472.37,10,IA
1180,5/4/2025,1048,2008,402,1,0,60,TX
1181,5/4/2025,1074,2014,404,3,738.9,50,MO
1182,5/4/2025,1069,2089,404,1,372.17,25,MN
1183,5/4/2025,1082,2002,402,0,1732,1,IA
1184,5/4/2025,1136,2002,402,0,1732,20,TX
1185,5/4/2025,1072,2034,402,3,0,17,MO
1186,5/4/2025,1186,2001,402,0,824.7,25,MN
1187,5/4/2025,1038,2001,404,1,0,10,IA
1188,5/4/2025,1087,2053,403,3,2440.6,5,TX
1189,5/4/2025,1095,2059,401,2,1638.56,20,MO
1190,5/4/2025,1020,2096,402,0,2688.72,5,MN
1191,5/4/2025,1068,2099,404,0,1938.96,10,IA
1192,5/4/2025,1139,2060,402,1,1102.63,60,TX
1193,5/4/2025,1064,2048,401,0,715.26,50,MO
1194,5/4/2025,1196,2091,402,3,0,25,MN
1195,5/4/2025,1197,2056,402,0,1049.44,1,IA
1196,5/4/2025,1050,2058,401,1,1800.22,20,TX
1197,5/4/2025,1121,2049,403,2,751.87,17,MO
1198,5/4/2025,1040,2080,401,0,1664.52,25,MN
1199,5/4/2025,1064,2061,403,1,179.93,10,IA
1200,5/4/2025,1092,2006,402,0,198,5,TX
1201,5/4/2025,1060,2081,404,2,1193.95,20,MO
1202,5/4/2025,1003,2021,403,0,2506.23,5,MN
1203,5/4/2025,1101,2031,401,0,1130.6,10,IA
1204,5/4/2025,1148,2088,404,1,0,60,TX
1205,5/4/2025,1095,2098,401,1,2451.22,50,MO
1206,5/4/2025,1040,2063,401,2,883.94,25,MN
1207,5/4/2025,1194,2080,401,0,1664.52,1,IA
1208,5/4/2025,1091,2082,402,0,0,0,TX
1209,5/4/2025,1032,2062,402,2,1981.95,20,MO
1210,5/4/2025,1142,2082,403,3,799.8,17,MN
1211,5/4/2025,1187,2024,401,3,372.81,25,IA
1212,5/4/2025,1091,2092,402,2,385.77,10,TX
1213,5/4/2025,1010,2062,404,2,990.98,5,MO
1214,5/4/2025,1138,2089,404,1,744.34,20,MN
1215,5/4/2025,1145,2023,403,2,1503.26,5,IA
1216,5/4/2025,1187,2059,403,1,1843.38,10,TX
1217,5/4/2025,1017,2067,402,3,0,60,MO
1218,5/4/2025,1075,2033,403,3,836.25,50,MN
1219,5/4/2025,1000,2099,404,1,2326.75,25,IA
1220,5/4/2025,1004,2079,403,1,0,1,TX
1221,5/4/2025,1082,2092,401,3,0,20,MO
1222,5/4/2025,1048,2067,404,1,785.56,17,MN
1223,5/4/2025,1156,2036,403,3,0,25,IA
1224,5/4/2025,1164,2041,401,0,804.21,10,TX
1225,5/4/2025,1133,2084,401,0,0,5,MO
1226,5/4/2025,1033,2022,401,1,604.06,20,MN
1227,5/4/2025,1027,2062,402,0,1238.72,5,IA
1228,5/4/2025,1008,2073,404,3,1498.29,10,TX
1229,5/4/2025,1134,2079,403,0,950.54,60,MO
1230,5/4/2025,1093,2028,401,0,1275.88,50,MN
1231,5/4/2025,1053,2083,404,0,2304.48,25,IA
1232,5/4/2025,1119,2081,401,2,0,1,TX
1233,5/4/2025,1142,2095,404,2,1177.9,20,MO
1234,5/4/2025,1181,2007,403,0,583.39,17,MN
1235,5/4/2025,1187,2009,403,0,265.24,25,IA
1236,5/4/2025,1055,2066,401,0,2580.3,10,TX
1237,5/4/2025,1185,2029,404,1,12.16,5,MO
1238,5/4/2025,1049,2067,402,1,261.86,20,MN
1239,5/4/2025,1142,2095,404,0,1963.16,5,IA
1240,5/4/2025,1196,2081,403,3,746.22,10,TX
1241,5/4/2025,1179,2085,404,0,242.15,60,MO
1242,5/4/2025,1042,2023,404,2,2254.9,50,MN
1243,5/4/2025,1168,2020,404,2,601.33,25,IA
1244,5/4/2025,1080,2070,403,2,0,1,TX
1245,5/4/2025,1105,2097,404,2,673.68,20,MO
1246,5/4/2025,1155,2030,402,3,509.91,17,MN
1247,5/4/2025,1196,2070,403,2,27.34,25,IA
1248,5/4/2025,1115,2057,404,0,1747.92,10,TX
1249,5/4/2025,1185,2004,403,0,2781.75,5,MO
1250,5/4/2025,1132,2017,403,0,0,20,MN
1251,5/4/2025,1076,2028,402,2,1020.7,5,IA
1252,5/4/2025,1005,2098,403,1,3268.3,10,TX
1253,5/4/2025,1024,2004,404,2,1483.6,60,MO
1254,5/4/2025,1039,2017,403,2,370.96,50,MN
1255,5/4/2025,1149,2031,402,2,904.48,25,IA
1256,5/4/2025,1076,2011,404,1,737.53,1,TX
1257,5/4/2025,1187,2009,403,3,198.93,20,MO
1258,5/4/2025,1044,2062,401,2,495.49,17,MN
1259,5/4/2025,1009,2093,404,0,0,25,IA
1260,5/4/2025,1199,2007,403,2,1400.14,10,TX
1261,5/4/2025,1111,2053,401,1,3294.81,5,MO
1262,5/4/2025,1191,2083,401,3,768.16,20,MN
1263,5/4/2025,1013,2039,401,2,1562.3,5,IA
1264,5/4/2025,1138,2072,402,2,672.48,10,TX
1265,5/4/2025,1128,2089,402,1,744.34,60,MO
1266,5/4/2025,1012,2086,404,3,2682.3,50,MN
1267,5/4/2025,1192,2076,401,1,1450.93,25,IA
1268,5/4/2025,1110,2037,404,1,324.13,1,TX
1269,5/4/2025,1033,2043,401,3,4367.25,0,MO
1270,5/4/2025,1146,2095,401,3,1963.16,20,MN
1271,5/4/2025,1067,2010,404,3,0,17,IA
1272,5/4/2025,1198,2089,402,1,744.34,25,TX
1273,5/4/2025,1123,2071,402,3,1845.48,10,MO
1274,5/4/2025,1101,2083,402,1,2074.03,5,MN
1275,5/4/2025,1062,2009,403,3,66.31,20,IA
1276,5/4/2025,1082,2087,401,0,318.64,5,TX
1277,5/4/2025,1171,2052,404,2,0,10,MO
1278,5/4/2025,1089,2024,403,2,298.25,60,MN
1279,5/4/2025,1152,2083,401,2,1843.58,50,IA
1280,5/4/2025,1043,2044,404,1,373.64,25,TX
1281,5/4/2025,1112,2005,402,1,0,1,MO
1282,5/4/2025,1175,2047,402,0,1004.94,20,MN
1283,5/4/2025,1028,2094,401,1,888.03,17,IA
1284,5/4/2025,1158,2018,403,0,2169.04,25,TX
1285,5/4/2025,1087,2088,401,2,567.48,10,MO
1286,5/4/2025,1115,2060,401,2,980.11,5,MN
1287,5/4/2025,1053,2094,402,1,888.03,20,IA
1288,5/4/2025,1139,2066,403,3,2580.3,5,TX
1289,5/4/2025,1159,2093,402,0,0,10,MO
1290,5/4/2025,1096,2074,401,2,1055.2,60,MN
1291,5/4/2025,1043,2007,403,1,525.05,50,IA
1292,5/4/2025,1178,2079,403,0,950.54,25,TX
1293,5/4/2025,1119,2083,401,0,768.16,1,MO
1294,5/4/2025,1099,2084,403,2,0,20,MN
1295,5/4/2025,1027,2002,403,3,866,17,IA
1296,5/4/2025,1059,2048,401,2,572.21,25,TX
1297,5/4/2025,1124,2076,401,1,2176.39,10,MO
1298,5/4/2025,1050,2064,404,0,1470.2,5,MN
1299,5/4/2025,1010,2031,403,2,1356.72,20,IA
1300,5/4/2025,1125,2050,402,0,373.56,5,TX
1301,5/4/2025,1088,2087,403,2,509.82,10,MO
1302,5/4/2025,1160,2038,402,2,2223.62,60,MN
1303,5/4/2025,1015,2080,403,3,2496.78,50,IA
1304,5/4/2025,1007,2071,403,1,553.64,25,TX
1305,5/4/2025,1038,2043,404,1,786.1,1,MO
1306,5/4/2025,1022,2093,404,1,2721.38,20,MN
1307,5/4/2025,1106,2030,402,3,1019.82,17,IA
1308,5/4/2025,1079,2077,403,3,561.83,25,TX
1309,5/4/2025,1138,2016,402,1,872.15,10,MO
1310,5/4/2025,1148,2069,402,1,418.3,5,MN
1311,5/4/2025,1079,2088,402,3,709.35,20,IA
1312,5/4/2025,1197,2018,402,2,867.62,5,TX
1313,5/4/2025,1017,2071,401,1,553.64,10,MO
1314,5/4/2025,1081,2018,401,2,867.62,60,MN
1315,5/4/2025,1105,2052,403,3,731.26,50,IA
1316,5/4/2025,1190,2081,403,1,0,25,TX
1317,5/4/2025,1199,2024,401,1,223.69,1,MO
1318,5/4/2025,1047,2003,403,1,346.66,20,MN
1319,5/4/2025,1152,2029,402,0,27.02,17,IA
1320,5/4/2025,1091,2010,404,1,210.17,25,TX
1321,5/4/2025,1128,2077,404,2,0,10,MO
1322,5/4/2025,1047,2049,404,3,0,5,MN
1323,5/4/2025,1035,2020,402,1,676.49,20,IA
1324,5/4/2025,1008,2052,401,2,585.01,5,TX
1325,5/4/2025,1105,2028,402,1,1148.29,10,MO
1326,5/4/2025,1016,2022,404,3,2684.72,60,MN
1327,5/4/2025,1176,2041,404,1,1447.58,50,IA
1328,5/4/2025,1109,2051,401,3,469.28,25,TX
1329,5/4/2025,1184,2040,404,0,103.62,1,MO
1330,5/4/2025,1133,2013,404,3,3741.44,0,MN
1331,5/4/2025,1010,2031,404,0,1130.6,20,IA
1332,5/4/2025,1142,2049,401,1,0,17,TX
1333,5/4/2025,1074,2056,404,2,839.55,25,MO
1334,5/4/2025,1198,2036,404,1,392.36,10,MN
1335,5/4/2025,1108,2037,401,1,648.25,5,IA
1336,5/4/2025,1118,2082,404,0,799.8,20,TX
1337,5/4/2025,1184,2064,401,1,264.64,5,MO
1338,5/4/2025,1199,2074,402,3,1978.5,10,MN
1339,5/4/2025,1105,2041,404,0,0,60,IA
1340,5/4/2025,1045,2058,402,3,0,50,TX
1341,5/4/2025,1023,2032,403,1,1702.08,25,MO
1342,5/4/2025,1183,2093,401,0,2267.82,1,MN
1343,5/4/2025,1029,2090,404,2,57.31,20,IA
1344,5/4/2025,1021,2067,404,1,261.86,17,TX
1345,5/4/2025,1096,2070,404,0,136.72,25,MO
1346,5/4/2025,1196,2021,403,1,751.87,10,MN
1347,5/4/2025,1041,2018,402,0,1084.52,5,IA
1348,5/4/2025,1107,2039,403,3,0,20,TX
1349,5/4/2025,1073,2080,402,0,3329.04,5,MO
1350,5/4/2025,1033,2025,401,2,671.09,10,MN
1351,5/4/2025,1003,2058,404,3,2000.25,60,IA
1352,5/4/2025,1139,2000,404,1,1744.76,50,TX
1353,5/4/2025,1055,2075,404,3,3122.56,25,MO
1354,5/4/2025,1104,2056,401,0,1574.16,1,MN
1355,5/4/2025,1062,2070,403,1,30.76,20,IA
1356,5/4/2025,1012,2023,402,0,2818.62,17,TX
1357,5/4/2025,1167,2044,401,1,560.47,25,MO
1358,5/4/2025,1008,2085,403,2,0,10,MN
1359,5/4/2025,1022,2006,401,3,990,5,IA
1360,5/4/2025,1045,2020,403,1,1352.99,20,TX
1361,5/4/2025,1116,2095,403,0,981.58,5,MO
1362,5/4/2025,1023,2098,403,2,1452.58,10,MN
1363,5/4/2025,1094,2048,401,3,1072.89,60,IA
1364,5/4/2025,1140,2008,403,3,0,50,TX
1365,5/4/2025,1034,2015,403,2,1079.95,25,MO
1366,5/4/2025,1134,2052,402,1,1316.27,1,MN
1367,5/4/2025,1156,2007,401,0,1750.17,20,IA
1368,5/4/2025,1123,2092,403,3,0,17,TX
1369,5/4/2025,1155,2040,403,2,27.63,25,MO
1370,5/4/2025,1033,2078,404,3,568.04,10,MN
1371,5/4/2025,1126,2023,402,2,2254.9,5,IA
1372,5/4/2025,1049,2000,401,0,3877.24,20,TX
1373,5/4/2025,1119,2080,401,1,0,5,MO
1374,5/4/2025,1157,2053,404,0,1830.45,10,MN
1375,5/4/2025,1085,2044,402,0,207.58,60,IA
1376,5/4/2025,1163,2025,403,2,447.39,50,TX
1377,5/4/2025,1017,2039,403,2,3905.76,25,MO
1378,5/4/2025,1196,2000,401,2,0,1,MN
1379,5/4/2025,1087,2050,401,1,168.1,20,IA
1380,5/4/2025,1049,2042,403,3,670.44,17,TX
1381,5/4/2025,1121,2004,402,3,3709,25,MO
1382,5/4/2025,1039,2080,404,2,665.81,10,MN
1383,5/4/2025,1118,2052,401,2,0,5,IA
1384,5/4/2025,1144,2092,403,0,1446.63,20,TX
1385,5/4/2025,1053,2073,403,2,1198.63,5,MO
1386,5/4/2025,1016,2019,403,0,0,10,MN
1387,5/4/2025,1086,2048,402,3,1072.89,60,IA
1388,5/4/2025,1047,2076,401,2,0,50,TX
1389,5/4/2025,1180,2040,401,2,110.53,25,MO
1390,5/4/2025,1105,2011,404,1,0,1,MN
1391,5/4/2025,1095,2057,403,1,786.56,0,IA
1392,5/4/2025,1134,2038,402,0,926.51,20,TX
1393,5/4/2025,1095,2004,402,0,0,17,MO
1394,5/4/2025,1113,2064,401,3,294.04,25,MN
1395,5/4/2025,1128,2019,402,2,1494.29,10,IA
1396,5/4/2025,1123,2093,403,2,3023.76,5,TX
1397,5/4/2025,1036,2098,401,1,817.07,20,MO
1398,5/4/2025,1052,2092,401,3,1928.84,5,MN
1399,5/4/2025,1099,2091,401,0,905.79,10,IA
1400,5/4/2025,1079,2005,401,2,1715.12,60,TX
1401,5/4/2025,1119,2005,401,2,686.05,50,MO
1402,5/4/2025,1005,2073,403,1,0,25,MN
1403,5/4/2025,1082,2025,402,2,223.7,1,IA
1404,5/4/2025,1070,2068,403,3,2460.72,20,TX
1405,5/4/2025,1171,2015,403,1,0,17,MO
1406,5/4/2025,1040,2035,401,0,899.99,25,MN
1407,5/4/2025,1159,2071,401,1,1660.93,10,IA
1408,5/4/2025,1138,2044,403,2,0,5,TX
1409,5/4/2025,1036,2090,403,1,0,20,MO
1410,5/4/2025,1043,2009,403,2,106.1,5,MN
1411,5/4/2025,1138,2056,401,1,944.5,10,IA
1412,5/4/2025,1007,2060,401,0,816.76,60,TX
1413,5/4/2025,1098,2006,401,3,990,50,MO
1414,5/4/2025,1100,2022,404,2,1610.83,25,MN
1415,5/4/2025,1079,2042,402,0,167.61,1,IA
1416,5/4/2025,1193,2097,404,1,2273.67,20,TX
1417,5/4/2025,1023,2089,404,0,413.52,17,MO
1418,5/4/2025,1116,2039,404,3,3905.76,25,MN
1419,5/4/2025,1059,2028,402,2,1531.06,10,IA
1420,5/4/2025,1093,2050,402,2,298.85,5,TX
1421,5/4/2025,1083,2058,404,0,2000.25,20,MO
1422,5/4/2025,1016,2060,401,2,653.41,5,MN
1423,5/4/2025,1122,2059,402,2,1228.92,10,IA
1424,5/4/2025,1196,2044,402,0,207.58,60,TX
1425,5/4/2025,1103,2091,401,2,2173.9,50,MO
1426,5/4/2025,1142,2083,401,2,1229.06,25,MN
1427,5/4/2025,1136,2059,404,3,2560.25,1,IA
1428,5/4/2025,1061,2079,402,1,2566.46,20,TX
1429,5/4/2025,1123,2049,401,2,751.87,17,MO
1430,5/4/2025,1053,2088,404,3,709.35,25,MN
1431,5/4/2025,1145,2043,402,1,1572.21,10,IA
1432,5/4/2025,1169,2085,401,3,1210.75,5,TX
1433,5/4/2025,1029,2075,404,2,1249.02,20,MO
1434,5/4/2025,1142,2012,404,1,1682.61,5,MN
1435,5/4/2025,1078,2051,401,0,117.32,10,IA
1436,5/4/2025,1175,2076,404,2,1289.71,60,TX
1437,5/4/2025,1126,2082,401,0,1066.4,50,MO
1438,5/4/2025,1055,2017,401,1,1669.32,25,MN
1439,5/4/2025,1169,2019,404,2,747.14,1,IA
1440,5/4/2025,1099,2078,404,1,383.43,20,TX
1441,5/4/2025,1052,2087,403,2,0,17,MO
1442,5/4/2025,1145,2086,403,3,2682.3,25,MN
1443,5/4/2025,1183,2044,401,0,1037.9,10,IA
1444,5/4/2025,1156,2065,404,1,423.31,5,TX
1445,5/4/2025,1075,2007,403,0,1166.78,20,MO
1446,5/4/2025,1000,2090,403,0,143.28,5,MN
1447,5/4/2025,1072,2003,402,3,0,10,IA
1448,5/4/2025,1179,2075,404,2,1873.54,60,TX
1449,5/4/2025,1182,2048,404,3,357.63,50,MO
1450,5/4/2025,1111,2069,402,1,836.6,25,MN
1451,5/4/2025,1121,2017,402,3,2782.2,1,IA
1452,5/4/2025,1092,2053,402,2,1464.36,0,TX
1453,5/4/2025,1171,2016,402,0,646.04,20,MO
1454,5/4/2025,1018,2082,401,1,0,17,MN
1455,5/4/2025,1184,2062,404,1,1672.27,25,IA
1456,5/4/2025,1021,2017,404,3,463.7,10,TX
1457,5/4/2025,1178,2077,404,1,505.65,5,MO
1458,5/4/2025,1116,2065,404,3,470.34,20,MN
1459,5/4/2025,1098,2045,402,1,280.93,5,IA
1460,5/4/2025,1108,2077,401,3,1685.49,10,TX
1461,5/4/2025,1187,2030,403,3,509.91,60,MO
1462,5/4/2025,1139,2073,403,0,499.43,50,MN
1463,5/4/2025,1009,2072,404,2,0,25,IA
1464,5/4/2025,1028,2074,404,0,3297.5,1,TX
1465,5/4/2025,1036,2093,403,3,0,20,MO
1466,5/4/2025,1132,2010,401,1,0,17,MN
1467,5/4/2025,1120,2080,401,2,665.81,25,IA
1468,5/4/2025,1156,2006,403,0,198,10,TX
1469,5/4/2025,1120,2058,404,2,1600.2,5,MO
1470,5/4/2025,1107,2045,403,2,249.71,20,MN
1471,5/4/2025,1042,2004,403,2,0,5,IA
1472,5/4/2025,1015,2080,404,1,749.03,10,TX
1473,5/4/2025,1146,2006,403,0,792,60,MO
1474,5/4/2025,1073,2062,401,1,1114.85,50,MN
1475,5/4/2025,1129,2009,403,2,0,25,IA
1476,5/4/2025,1033,2078,403,2,340.82,1,TX
1477,5/4/2025,1065,2001,401,1,371.12,20,MO
1478,5/4/2025,1151,2094,402,3,493.35,17,MN
1479,5/4/2025,1094,2022,403,1,0,25,IA
1480,5/4/2025,1124,2023,401,2,2254.9,10,TX
1481,5/4/2025,1021,2018,402,3,542.26,5,MO
1482,5/4/2025,1192,2052,404,1,0,20,MN
1483,5/4/2025,1169,2056,402,1,944.5,5,IA
1484,5/4/2025,1147,2093,403,0,2267.82,10,TX
1485,5/4/2025,1164,2033,401,0,836.25,60,MO
1486,5/4/2025,1042,2059,404,3,3072.3,50,MN
1487,5/4/2025,1077,2060,402,3,1633.52,25,IA
1488,5/4/2025,1174,2090,404,3,286.56,1,TX
1489,5/4/2025,1067,2018,404,0,2169.04,20,MO
1490,5/4/2025,1073,2057,404,2,349.58,17,MN
1491,5/4/2025,1135,2087,401,0,318.64,25,IA
1492,5/4/2025,1136,2081,403,3,2238.66,10,TX
1493,5/4/2025,1156,2083,403,2,1229.06,5,MO
1494,5/4/2025,1069,2034,401,2,217.87,20,MN
1495,5/4/2025,1167,2074,404,3,2638,5,IA
1496,5/4/2025,1197,2086,402,1,2414.07,10,TX
1497,5/4/2025,1133,2043,402,2,1397.52,60,MO
1498,5/4/2025,1140,2001,401,0,1237.05,50,MN
1499,5/4/2025,1003,2052,401,0,731.26,25,IA
1500,5/4/2025,1175,2057,403,1,1179.85,1,TX
1501,5/4/2025,1185,2036,403,1,980.91,20,MO
1502,5/4/2025,1008,2003,401,0,0,17,MN
1503,5/4/2025,1152,2084,402,0,281.85,25,IA
1504,5/4/2025,1181,2015,401,1,1214.95,10,TX
1505,5/4/2025,1096,2084,402,0,0,5,MO
1506,5/4/2025,1178,2023,403,2,1503.26,20,MN
1507,5/4/2025,1119,2084,401,3,0,5,IA
1508,5/4/2025,1070,2098,404,2,1452.58,10,TX
1509,5/4/2025,1065,2020,401,2,300.66,60,MO
1510,5/4/2025,1198,2007,404,3,2333.56,50,MN
1511,5/4/2025,1085,2007,403,2,933.42,25,IA
1512,5/4/2025,1045,2056,401,3,3148.32,1,TX
1513,5/4/2025,1051,2078,404,1,383.43,0,MO
1514,5/4/2025,1165,2062,401,1,557.42,20,MN
1515,5/4/2025,1138,2098,404,1,817.07,17,IA
1516,5/4/2025,1157,2082,401,3,1066.4,25,TX
1517,5/4/2025,1183,2033,401,0,0,10,MO
1518,5/4/2025,1018,2009,403,3,0,5,MN
1519,5/4/2025,1004,2063,402,0,552.46,20,IA
1520,5/4/2025,1009,2085,404,2,193.72,5,TX
1521,5/4/2025,1038,2089,403,3,1240.56,10,MO
1522,5/4/2025,1147,2000,404,3,4846.55,60,MN
1523,5/4/2025,1111,2051,401,1,211.18,50,IA
1524,5/4/2025,1000,2049,404,0,5639.04,25,TX
1525,5/4/2025,1145,2068,403,2,656.19,1,MO
1526,5/4/2025,1174,2038,404,0,1853.02,20,MN
1527,5/4/2025,1161,2082,401,2,213.28,17,IA
1528,5/4/2025,1136,2043,401,3,3493.8,25,TX
1529,5/4/2025,1194,2098,403,1,2451.22,10,MO
1530,5/4/2025,1045,2070,401,3,102.54,5,MN
1531,5/4/2025,1169,2024,403,3,621.35,20,IA
1532,5/4/2025,1027,2080,403,3,2496.78,5,TX
1533,5/4/2025,1021,2080,404,1,2247.1,10,MO
1534,5/4/2025,1035,2004,402,0,1854.5,60,MN
1535,5/4/2025,1184,2075,402,3,2341.92,50,IA
1536,5/4/2025,1099,2008,403,3,66.59,25,TX
1537,5/4/2025,1136,2057,401,0,1310.94,1,MO
1538,5/4/2025,1086,2007,403,0,1750.17,20,MN
1539,5/4/2025,1103,2015,402,3,2024.91,17,IA
1540,5/4/2025,1173,2068,402,1,0,25,TX
1541,5/4/2025,1018,2004,402,3,927.25,10,MO
1542,5/4/2025,1167,2002,404,0,866,5,MN
1543,5/4/2025,1062,2089,402,0,2067.6,20,MO
1544,5/4/2025,1044,2080,401,2,665.81,5,MN
1545,5/4/2025,1024,2058,402,0,2000.25,10,IA
1546,5/4/2025,1027,2014,404,1,443.34,60,TX
1547,5/4/2025,1016,2025,404,2,671.09,50,MO
1548,5/4/2025,1188,2086,404,2,2861.12,25,MN
1549,5/4/2025,1030,2087,402,2,382.37,1,IA
1550,5/4/2025,1054,2097,401,1,2273.67,20,TX
1551,5/4/2025,1085,2008,401,2,106.54,17,MO
1552,5/4/2025,1036,2096,404,1,1814.89,25,MN
1553,5/4/2025,1178,2047,402,3,1004.94,10,IA
1554,5/4/2025,1062,2074,401,1,1187.1,5,TX
1555,5/4/2025,1025,2080,404,1,3745.17,20,MO
1556,5/4/2025,1004,2062,401,0,2477.44,5,MN
1557,5/4/2025,1001,2022,401,2,536.94,10,IA
1558,5/4/2025,1106,2088,404,1,1276.83,60,TX
1559,5/4/2025,1052,2018,403,3,2169.04,50,MO
1560,5/4/2025,1105,2030,402,0,339.94,25,MN
1561,5/4/2025,1152,2023,404,0,1879.08,1,IA
1562,5/4/2025,1160,2038,403,3,0,20,TX
1563,5/4/2025,1001,2071,402,1,1660.93,17,MO
1564,5/4/2025,1030,2067,401,2,465.52,25,MN
1565,5/4/2025,1194,2069,402,3,929.56,10,IA
1566,5/4/2025,1197,2080,402,2,1331.62,5,TX
1567,5/4/2025,1013,2024,401,1,335.53,20,MO
1568,5/4/2025,1175,2060,404,1,735.08,5,MN
1569,5/4/2025,1040,2085,401,0,484.3,10,IA
1570,5/4/2025,1165,2046,403,1,60.17,60,TX
1571,5/4/2025,1111,2032,403,3,3782.4,50,MO
1572,5/4/2025,1011,2013,401,1,1683.65,25,MN
1573,5/4/2025,1040,2003,404,0,385.18,1,IA
1574,5/4/2025,1018,2030,404,2,135.98,0,TX
1575,5/4/2025,1107,2025,403,1,754.97,20,MO
1576,5/4/2025,1199,2014,403,1,0,17,MN
1577,5/4/2025,1025,2030,404,1,0,25,IA
1578,5/4/2025,1096,2028,401,3,2551.76,10,TX
1579,5/4/2025,1149,2062,401,3,1858.08,5,MO
1580,5/4/2025,1037,2027,404,1,465.5,20,MN
1581,5/4/2025,1099,2047,402,3,0,5,IA
1582,5/4/2025,1184,2024,403,2,198.83,10,TX
1583,5/4/2025,1051,2042,402,0,167.61,60,MO
1584,5/4/2025,1177,2072,401,2,672.48,50,MN
1585,5/4/2025,1034,2014,404,3,985.2,25,IA
1586,5/4/2025,1107,2021,403,1,751.87,1,TX
1587,5/4/2025,1075,2077,402,1,2528.24,20,MO
1588,5/4/2025,1147,2070,402,0,34.18,17,MN
1589,5/4/2025,1105,2066,404,1,928.91,25,IA
1590,5/4/2025,1151,2060,404,2,653.41,10,TX
1591,5/4/2025,1003,2093,404,1,680.35,5,MO
1592,5/4/2025,1063,2041,404,1,2171.37,20,MN
1593,5/4/2025,1151,2019,401,3,933.93,5,IA
1594,5/4/2025,1011,2005,404,0,428.78,10,TX
1595,5/4/2025,1108,2067,404,3,290.95,60,MO
1596,5/4/2025,1178,2012,404,3,623.19,50,MN
1597,5/4/2025,1061,2010,401,3,389.2,25,IA
1598,5/4/2025,1055,2016,403,2,0,1,TX
1599,5/4/2025,1061,2082,401,0,266.6,20,MO
1600,5/4/2025,1122,2085,403,1,217.94,17,MN
1601,5/4/2025,1180,2058,401,3,666.75,25,IA
1602,5/4/2025,1118,2098,402,3,907.86,10,TX
1603,5/4/2025,1047,2047,404,0,334.98,5,MO
1604,5/4/2025,1160,2009,404,2,0,20,MN
1605,5/4/2025,1135,2004,403,3,3709,5,IA
1606,5/4/2025,1192,2034,402,0,0,10,TX
1607,5/4/2025,1158,2042,401,2,402.26,60,MO
1608,5/4/2025,1013,2014,404,2,197.04,50,MN
1609,5/4/2025,1119,2079,401,2,4562.59,25,IA
1610,5/4/2025,1093,2022,401,1,604.06,1,TX
1611,5/4/2025,1035,2042,402,0,335.22,20,MO
1612,5/4/2025,1166,2061,402,1,179.93,17,MN
1613,5/4/2025,1082,2045,403,3,312.14,25,IA
1614,5/4/2025,1070,2006,401,2,633.6,10,TX
1615,5/4/2025,1088,2057,404,0,436.98,5,MO
1616,5/4/2025,1120,2090,403,3,214.92,20,MN
1617,5/4/2025,1158,2047,401,1,904.45,5,IA
1618,5/4/2025,1117,2011,401,3,0,10,TX
1619,5/4/2025,1045,2036,401,0,217.98,60,MO
1620,5/4/2025,1042,2035,401,1,809.99,50,MN
1621,5/4/2025,1127,2019,402,0,933.93,25,IA
1622,5/4/2025,1075,2053,402,3,2440.6,1,TX
1623,5/4/2025,1088,2053,404,0,610.15,20,MO
1624,5/4/2025,1074,2024,401,0,248.54,17,MN
1625,5/4/2025,1059,2066,403,3,2064.24,25,IA
1626,5/4/2025,1148,2043,403,3,873.45,10,TX
1627,5/4/2025,1151,2085,404,3,726.45,5,MO
1628,5/4/2025,1077,2072,402,2,1008.72,20,MN
1629,5/4/2025,1043,2033,402,3,836.25,5,IA
1630,5/4/2025,1095,2036,401,1,392.36,10,TX
1631,5/4/2025,1090,2036,404,1,588.55,60,MO
1632,5/4/2025,1158,2020,403,1,676.49,50,MN
1633,5/4/2025,1044,2090,402,1,0,25,IA
1634,5/4/2025,1060,2014,401,2,591.12,1,TX
1635,5/4/2025,1147,2016,404,2,516.83,0,MO
1636,5/4/2025,1094,2023,402,0,1879.08,20,MN
1637,5/4/2025,1170,2040,403,1,0,17,IA
1638,5/4/2025,1095,2057,402,2,349.58,25,TX
1639,5/4/2025,1031,2003,404,3,0,10,MO
1640,5/4/2025,1196,2018,404,2,433.81,5,MN
1641,5/4/2025,1039,2000,403,2,775.45,20,IA
1642,5/4/2025,1121,2037,402,3,1080.42,5,TX
1643,5/4/2025,1086,2088,401,3,2837.4,10,MO
1644,5/4/2025,1010,2017,401,2,1112.88,60,MN
1645,5/4/2025,1006,2051,402,3,351.96,50,IA
1646,5/4/2025,1091,2011,403,0,819.48,25,TX
1647,5/4/2025,1155,2082,402,1,959.76,1,MO
1648,5/4/2025,1005,2098,403,1,817.07,20,MN
1649,5/4/2025,1005,2010,404,0,233.52,17,IA
1650,5/4/2025,1131,2050,402,3,747.12,25,TX
1651,5/4/2025,1081,2077,401,2,1797.86,10,MO
1652,5/4/2025,1101,2018,404,2,867.62,5,MN
1653,5/4/2025,1098,2047,401,2,1071.94,20,IA
1654,5/4/2025,1088,2044,403,3,830.32,5,TX
1655,5/4/2025,1143,2011,402,3,1229.22,10,MO
1656,5/4/2025,1189,2053,404,2,1464.36,60,MN
1657,5/4/2025,1041,2093,404,3,2267.82,50,IA
1658,5/4/2025,1035,2075,401,1,1405.15,25,TX
1659,5/4/2025,1053,2038,404,2,2964.83,1,MO
1660,5/4/2025,1016,2075,404,0,3122.56,20,MN
1661,5/4/2025,1001,2052,403,3,731.26,17,IA
1662,5/4/2025,1044,2071,404,1,553.64,25,TX
1663,5/4/2025,1051,2023,404,2,0,10,MO
1664,5/4/2025,1141,2062,401,2,1486.46,5,MN
1665,5/4/2025,1149,2038,404,3,926.51,20,IA
1666,5/4/2025,1057,2003,401,1,2079.97,5,TX
1667,5/4/2025,1067,2038,404,0,926.51,10,MO
1668,5/4/2025,1167,2085,403,3,242.15,60,MN
1669,5/4/2025,1045,2062,402,0,1858.08,50,IA
1670,5/4/2025,1030,2097,403,3,3368.4,25,TX
1671,5/4/2025,1017,2076,403,3,0,1,MO
1672,5/4/2025,1144,2055,403,3,161.82,20,MN
1673,5/4/2025,1177,2015,403,0,674.97,17,IA
1674,5/4/2025,1066,2020,401,1,1014.74,25,TX
1675,5/4/2025,1081,2059,402,2,409.64,10,MO
1676,5/4/2025,1041,2006,403,2,475.2,5,MN
1677,5/4/2025,1107,2081,403,0,3731.1,20,IA
1678,5/4/2025,1074,2037,401,1,0,5,TX
1679,5/4/2025,1196,2080,402,0,832.26,10,MO
1680,5/4/2025,1153,2096,402,2,1075.49,60,MN
1681,5/4/2025,1080,2087,403,2,127.46,50,IA
1682,5/4/2025,1175,2089,403,0,2067.6,25,TX
1683,5/4/2025,1136,2074,403,1,593.55,1,MO
1684,5/4/2025,1003,2017,403,2,1112.88,20,MN
1685,5/4/2025,1199,2062,404,2,990.98,17,IA
1686,5/4/2025,1041,2013,402,1,1683.65,25,TX
1687,5/4/2025,1128,2028,402,0,0,10,MO
1688,5/4/2025,1106,2058,401,0,1333.5,5,MN
1689,5/4/2025,1033,2002,404,2,1385.6,20,IA
1690,5/4/2025,1079,2088,403,1,2553.66,5,TX
1691,5/4/2025,1113,2076,403,1,0,10,MO
1692,5/4/2025,1181,2038,401,0,2779.53,60,MN
1693,5/4/2025,1056,2016,402,1,872.15,50,IA
1694,5/4/2025,1078,2016,402,1,872.15,25,TX
1695,5/4/2025,1020,2054,401,0,1801.02,1,MO
1696,5/4/2025,1004,2099,404,3,0,0,MN
1697,5/4/2025,1010,2025,401,0,559.24,20,IA
1698,5/4/2025,1168,2065,401,3,1411.02,17,TX
1699,5/4/2025,1030,2032,401,0,945.6,25,MO
1700,5/4/2025,1077,2085,401,0,0,10,MN
1701,5/4/2025,1005,2015,402,1,0,5,IA
1702,5/4/2025,1047,2085,403,0,242.15,20,TX
1703,5/4/2025,1023,2018,403,2,0,5,MO
1704,5/4/2025,1090,2020,402,0,751.66,10,MN
1705,5/4/2025,1025,2074,401,1,593.55,60,IA
1706,5/4/2025,1183,2024,403,1,335.53,50,TX
1707,5/4/2025,1193,2068,401,0,820.24,25,MO
1708,5/4/2025,1054,2064,404,2,235.23,1,MN
1709,5/4/2025,1178,2075,402,3,5464.48,20,IA
1710,5/4/2025,1172,2013,402,2,2244.86,17,TX
1711,5/4/2025,1097,2054,402,1,810.46,25,MO
1712,5/4/2025,1104,2014,403,0,246.3,10,MN
1713,5/4/2025,1119,2014,402,3,1231.5,5,IA
1714,5/4/2025,1195,2046,403,0,100.29,20,TX
1715,5/4/2025,1021,2041,404,0,0,5,MO
1716,5/4/2025,1098,2036,404,2,0,10,MN
1717,5/4/2025,1175,2056,402,3,2098.88,60,IA
1718,5/4/2025,1074,2054,402,0,2701.53,50,TX
1719,5/4/2025,1121,2086,403,1,3218.76,25,MO
1720,5/4/2025,1003,2086,404,0,1788.2,1,MN
1721,5/4/2025,1101,2056,401,0,524.72,20,IA
1722,5/4/2025,1036,2050,404,0,747.12,17,TX
1723,5/4/2025,1189,2021,401,2,1336.66,25,MO
1724,5/4/2025,1050,2043,402,3,873.45,10,MN
1725,5/4/2025,1031,2029,404,3,40.53,5,IA
1726,5/4/2025,1071,2097,403,3,2526.3,20,TX
1727,5/4/2025,1091,2060,404,3,1225.14,5,MO
1728,5/4/2025,1130,2035,402,3,899.99,10,MN
1729,5/4/2025,1027,2015,403,3,0,60,IA
1730,5/4/2025,1127,2029,402,0,40.53,50,TX
1731,5/4/2025,1025,2094,401,0,1973.4,25,MO
1732,5/4/2025,1127,2086,401,1,4828.14,1,MN
1733,5/4/2025,1097,2077,403,1,2022.59,20,IA
1734,5/4/2025,1077,2079,401,0,1901.08,17,TX
1735,5/4/2025,1169,2096,404,3,672.18,25,MO
1736,5/4/2025,1051,2037,404,3,1800.7,10,MN
1737,5/4/2025,1129,2033,403,0,1672.5,5,IA
1738,5/4/2025,1195,2004,404,0,2781.75,20,TX
1739,5/4/2025,1098,2057,403,3,1310.94,5,MO
1740,5/4/2025,1113,2058,401,0,2000.25,10,MN
1741,5/4/2025,1045,2071,403,1,0,60,IA
1742,5/4/2025,1125,2055,402,2,86.3,50,TX
1743,5/4/2025,1183,2049,404,0,1879.68,25,MO
1744,5/4/2025,1145,2086,404,3,2682.3,1,MN
1745,5/4/2025,1121,2071,402,0,1845.48,20,IA
1746,5/4/2025,1100,2033,404,3,2508.75,17,TX
1747,5/4/2025,1157,2086,403,2,1430.56,25,MO
1748,5/4/2025,1082,2007,401,0,1750.17,10,MN
1749,5/4/2025,1032,2046,403,0,167.15,5,IA
1750,5/4/2025,1195,2080,403,3,3329.04,20,TX
1751,5/4/2025,1024,2054,403,2,0,5,MO
1752,5/4/2025,1105,2044,401,1,373.64,10,MN
1753,5/4/2025,1063,2030,403,0,509.91,60,IA
1754,5/4/2025,1176,2008,403,0,133.18,50,TX
1755,5/4/2025,1086,2021,401,2,2004.98,25,MO
1756,5/4/2025,1009,2058,404,3,2000.25,1,MN
1757,5/4/2025,1068,2002,404,0,0,0,IA
1758,5/4/2025,1081,2048,404,2,572.21,20,TX
1759,5/4/2025,1146,2012,404,0,623.19,17,MO
1760,5/4/2025,1176,2086,402,2,1430.56,25,MN
1761,5/4/2025,1127,2064,403,1,529.27,10,IA
1762,5/4/2025,1157,2038,403,3,4632.55,5,TX
1763,5/4/2025,1051,2063,401,1,0,20,MO
1764,5/4/2025,1073,2033,401,2,1338,5,MN
1765,5/4/2025,1146,2051,402,0,0,10,IA
1766,5/4/2025,1183,2074,401,2,0,60,TX
1767,5/4/2025,1069,2008,404,3,66.59,50,MO
1768,5/4/2025,1053,2044,401,2,332.13,25,MN
1769,5/4/2025,1129,2038,404,2,0,1,IA
1770,5/4/2025,1051,2053,404,2,488.12,20,TX
1771,5/4/2025,1159,2065,404,1,1693.22,17,MO
1772,5/4/2025,1004,2080,402,3,3329.04,25,MN
1773,5/4/2025,1054,2084,404,2,901.92,10,IA
1774,5/4/2025,1163,2068,404,0,1640.48,5,TX
1775,5/4/2025,1133,2025,403,3,838.86,20,MO
1776,5/4/2025,1037,2030,402,2,271.95,5,MN
1777,5/4/2025,1111,2052,403,0,731.26,10,IA
1778,5/4/2025,1162,2026,404,2,169.25,60,TX
1779,5/4/2025,1073,2082,402,2,213.28,50,MO
1780,5/4/2025,1175,2076,402,3,806.07,25,MN
1781,5/4/2025,1061,2014,402,1,665.01,1,IA
1782,5/4/2025,1007,2031,403,3,1695.9,20,TX
1783,5/4/2025,1124,2071,404,3,1845.48,17,MO
1784,5/4/2025,1165,2004,402,1,1669.05,25,MN
1785,5/4/2025,1069,2017,401,2,0,10,IA
1786,5/4/2025,1071,2084,402,0,281.85,5,TX
1787,5/4/2025,1184,2062,401,0,2477.44,20,MO
1788,5/4/2025,1021,2040,403,0,69.08,5,MN
1789,5/4/2025,1104,2046,401,3,167.15,10,IA
1790,5/4/2025,1185,2017,402,0,1854.8,60,TX
1791,5/4/2025,1146,2094,401,2,789.36,50,MO
1792,5/4/2025,1127,2011,402,0,409.74,25,MN
1793,5/4/2025,1197,2040,403,3,138.16,1,IA
1794,5/4/2025,1191,2095,402,3,1963.16,20,TX
1795,5/4/2025,1055,2018,401,1,488.03,17,MO
1796,5/4/2025,1054,2035,404,3,899.99,25,MN
1797,5/4/2025,1065,2075,401,3,3903.2,10,IA
1798,5/4/2025,1136,2047,401,2,267.98,5,TX
1799,5/4/2025,1139,2054,404,1,3241.84,20,MO
1800,5/4/2025,1071,2018,403,3,0,5,MN
1801,5/4/2025,1183,2047,403,0,1004.94,10,IA
1802,5/4/2025,1165,2077,401,0,1685.49,60,TX
1803,5/4/2025,1176,2085,402,2,581.16,50,MO
1804,5/4/2025,1141,2049,403,2,1503.74,25,MN
1805,5/4/2025,1175,2015,402,3,674.97,1,IA
1806,5/4/2025,1099,2001,404,2,0,20,TX
1807,5/4/2025,1077,2011,402,2,655.58,17,MO
1808,5/4/2025,1053,2020,404,2,601.33,25,MN
1809,5/4/2025,1196,2082,404,0,533.2,10,IA
1810,5/4/2025,1070,2010,404,3,311.36,5,TX
1811,5/4/2025,1188,2052,403,3,2925.04,20,MO
1812,5/4/2025,1025,2020,403,0,375.83,5,MN
1813,5/4/2025,1090,2053,403,3,1830.45,10,IA
1814,5/4/2025,1177,2003,401,1,346.66,60,TX
1815,5/4/2025,1161,2056,402,0,1049.44,50,MO
1816,5/4/2025,1102,2025,403,2,0,25,MN
1817,5/4/2025,1147,2010,401,1,70.06,1,IA
1818,5/4/2025,1063,2066,402,3,516.06,0,TX
1819,5/4/2025,1081,2057,404,1,786.56,20,MO
1820,5/4/2025,1066,2022,403,2,536.94,17,MN
1821,5/4/2025,1050,2010,404,2,62.27,25,IA
1822,5/4/2025,1046,2050,404,1,336.2,10,TX
1823,5/4/2025,1005,2002,402,0,3464,5,MO
1824,5/4/2025,1118,2025,403,1,0,20,MN
1825,5/4/2025,1012,2051,404,2,93.86,5,IA
1826,5/4/2025,1038,2011,403,1,1475.06,10,TX
1827,5/4/2025,1145,2015,401,3,2024.91,60,MO
1828,5/4/2025,1197,2058,404,0,666.75,50,MN
1829,5/4/2025,1057,2091,402,1,815.21,25,IA
1830,5/4/2025,1005,2034,403,3,544.68,1,TX
1831,5/4/2025,1097,2016,404,1,290.72,20,MO
1832,5/4/2025,1153,2027,403,1,698.25,17,MN
1833,5/4/2025,1107,2023,404,1,2536.76,25,IA
1834,5/4/2025,1007,2037,403,1,648.25,10,TX
1835,5/4/2025,1158,2057,402,2,699.17,5,MO
1836,5/4/2025,1149,2087,404,0,637.28,20,MN
1837,5/4/2025,1002,2060,402,2,326.7,5,IA
1838,5/4/2025,1177,2050,402,3,186.78,10,TX
1839,5/4/2025,1181,2054,403,0,1801.02,60,MO
1840,5/4/2025,1024,2071,401,0,615.16,50,MN
1841,5/4/2025,1085,2030,404,2,407.93,25,IA
1842,5/4/2025,1155,2085,401,0,726.45,1,TX
1843,5/4/2025,1064,2064,404,2,940.93,20,MO
1844,5/4/2025,1101,2085,403,1,217.94,17,MN
1845,5/4/2025,1143,2005,402,2,343.02,25,IA
1846,5/4/2025,1043,2064,404,2,235.23,10,TX
1847,5/4/2025,1119,2016,401,2,258.42,5,MO
1848,5/4/2025,1181,2067,404,1,523.71,20,MN
1849,5/4/2025,1066,2014,403,0,0,5,IA
1850,5/4/2025,1032,2063,403,2,441.97,10,TX
1851,5/4/2025,1110,2036,403,2,348.77,60,MO
1852,5/4/2025,1132,2040,404,1,124.34,50,MN
1853,5/4/2025,1080,2094,404,1,0,25,IA
1854,5/4/2025,1142,2084,404,0,0,1,TX
1855,5/4/2025,1048,2019,401,1,840.54,20,MO
1856,5/4/2025,1046,2004,404,2,741.8,17,MN
1857,5/4/2025,1041,2090,404,3,358.2,25,IA
1858,5/4/2025,1029,2063,401,3,1657.38,10,TX
1859,5/4/2025,1091,2090,404,3,214.92,5,MO
1860,5/4/2025,1126,2014,402,0,492.6,20,MN
1861,5/4/2025,1089,2011,402,2,1638.96,5,IA
1862,5/4/2025,1046,2021,403,1,2255.61,10,TX
1863,5/4/2025,1149,2000,402,3,4846.55,60,MO
1864,5/4/2025,1019,2031,404,0,1695.9,50,MN
1865,5/4/2025,1084,2003,403,0,0,25,IA
1866,5/4/2025,1100,2047,401,2,803.95,1,TX
1867,5/4/2025,1039,2003,401,3,1155.54,20,MO
1868,5/4/2025,1181,2084,404,3,1127.4,17,MN
1869,5/4/2025,1160,2034,401,2,326.81,25,IA
1870,5/4/2025,1011,2083,404,2,614.53,10,TX
1871,5/4/2025,1187,2093,402,1,680.35,5,MO
1872,5/4/2025,1012,2082,403,2,853.12,20,MN
1873,5/4/2025,1014,2095,401,3,0,5,IA
1874,5/4/2025,1023,2051,403,1,211.18,10,TX
1875,5/4/2025,1061,2098,404,0,2723.58,60,MO
1876,5/4/2025,1005,2026,402,3,211.56,50,MN
1877,5/4/2025,1199,2051,403,1,0,25,IA
1878,5/4/2025,1030,2038,404,3,3706.04,1,TX
1879,5/4/2025,1188,2039,402,2,1562.3,0,MO
1880,5/4/2025,1170,2012,403,1,560.87,20,MN
1881,5/4/2025,1125,2057,404,3,1310.94,17,IA
1882,5/4/2025,1068,2072,404,0,420.3,25,TX
1883,5/4/2025,1193,2054,403,1,0,10,MO
1884,5/4/2025,1111,2080,404,0,1664.52,5,MN
1885,5/4/2025,1010,2065,403,3,0,20,IA
1886,5/4/2025,1173,2028,402,3,2551.76,5,TX
1887,5/4/2025,1134,2080,401,2,1331.62,10,MO
1888,5/4/2025,1119,2055,401,3,269.7,60,MN
1889,5/4/2025,1076,2019,402,2,747.14,50,IA
1890,5/4/2025,1063,2066,404,2,0,25,TX
1891,5/4/2025,1145,2006,401,0,0,1,MO
1892,5/4/2025,1131,2013,404,3,4676.8,20,MN
1893,5/4/2025,1024,2059,403,2,0,17,IA
1894,5/4/2025,1065,2074,401,0,3297.5,25,TX
1895,5/4/2025,1029,2094,404,1,0,10,MO
1896,5/4/2025,1046,2050,401,0,560.34,5,MN
1897,5/4/2025,1106,2090,403,2,114.62,20,IA
1898,5/4/2025,1150,2092,404,3,482.21,5,TX
1899,5/4/2025,1159,2033,403,1,752.62,10,MO
1900,5/4/2025,1054,2023,401,2,751.63,60,MN
1901,5/4/2025,1172,2013,404,0,1870.72,50,IA
1902,5/4/2025,1001,2050,401,0,560.34,25,TX
1903,5/4/2025,1043,2083,404,3,2304.48,1,MO
1904,5/4/2025,1177,2051,404,2,281.57,20,MN
1905,5/4/2025,1158,2078,403,3,568.04,17,IA
1906,5/4/2025,1077,2011,402,1,368.77,25,TX
1907,5/4/2025,1003,2024,401,0,248.54,10,MO
1908,5/4/2025,1178,2024,401,1,223.69,5,MN
1909,5/4/2025,1123,2083,402,1,1382.69,20,IA
1910,5/4/2025,1111,2080,402,0,3329.04,5,TX
1911,5/4/2025,1077,2098,404,1,817.07,10,MO
1912,5/4/2025,1121,2054,401,0,0,60,MN
1913,5/4/2025,1042,2019,404,3,933.93,50,IA
1914,5/4/2025,1120,2002,404,1,1558.8,25,TX
1915,5/4/2025,1051,2037,404,0,0,1,MO
1916,5/4/2025,1085,2001,401,3,412.35,20,MN
1917,5/4/2025,1106,2063,403,0,0,17,IA
1918,5/4/2025,1124,2051,404,3,351.96,25,TX
1919,5/4/2025,1059,2091,401,0,1811.58,10,MO
1920,5/4/2025,1108,2073,403,0,1498.29,5,MN
1921,5/4/2025,1068,2082,404,3,0,20,IA
1922,5/4/2025,1029,2063,403,3,3314.76,5,TX
1923,5/4/2025,1178,2055,401,1,242.73,10,MO
1924,5/4/2025,1073,2092,402,3,482.21,60,MN
1925,5/4/2025,1088,2056,402,1,1888.99,50,IA
1926,5/4/2025,1150,2087,403,3,477.96,25,TX
1927,5/4/2025,1033,2037,404,3,1440.56,1,MO
1928,5/4/2025,1172,2083,403,3,2304.48,20,MN
1929,5/4/2025,1041,2079,402,2,2281.3,17,IA
1930,5/4/2025,1176,2095,401,3,1472.37,25,TX
1931,5/4/2025,1033,2022,402,1,1208.12,10,MO
1932,5/4/2025,1155,2062,401,3,1858.08,5,MN
1933,5/4/2025,1126,2038,402,1,1667.72,20,IA
1934,5/4/2025,1142,2006,401,2,0,5,TX
1935,5/4/2025,1066,2045,402,1,1123.7,10,MO
1936,5/4/2025,1128,2004,401,2,2967.2,60,MN
1937,5/4/2025,1110,2014,402,0,246.3,50,IA
1938,5/4/2025,1143,2028,404,2,1531.06,25,TX
1939,5/4/2025,1087,2045,401,2,0,1,MO
1940,5/4/2025,1038,2088,401,0,1418.7,0,MN
1941,5/4/2025,1112,2058,401,0,0,20,IA
1942,5/4/2025,1005,2078,401,0,426.03,17,TX
1943,5/4/2025,1129,2013,402,0,1870.72,25,MO
1944,5/4/2025,1052,2046,402,2,26.74,10,MN
1945,5/4/2025,1181,2056,404,0,0,5,IA
1946,5/4/2025,1039,2082,403,2,0,20,TX
1947,5/4/2025,1035,2015,402,3,3374.85,5,MO
1948,5/4/2025,1106,2098,401,1,1634.15,10,MN
1949,5/4/2025,1121,2043,403,1,1572.21,60,IA
1950,5/4/2025,1021,2034,403,3,544.68,50,TX
1951,5/4/2025,1092,2080,402,1,3745.17,25,MO
1952,5/4/2025,1192,2096,404,1,1814.89,1,MN
1953,5/4/2025,1035,2054,404,3,0,20,IA
1954,5/4/2025,1117,2066,403,0,0,17,TX
1955,5/4/2025,1113,2018,401,0,1084.52,25,MO
1956,5/4/2025,1021,2043,403,3,2620.35,10,MN
1957,5/4/2025,1197,2021,404,0,1670.82,5,IA
1958,5/4/2025,1100,2097,401,1,2273.67,20,TX
1959,5/4/2025,1147,2007,403,3,0,5,MO
1960,5/4/2025,1102,2087,403,2,0,10,MN
1961,5/4/2025,1088,2001,403,1,1113.34,60,IA
1962,5/4/2025,1179,2051,404,1,211.18,50,TX
1963,5/4/2025,1139,2079,404,2,2281.3,25,MO
1964,5/4/2025,1005,2083,404,1,691.34,1,MN
1965,5/4/2025,1077,2010,401,2,186.82,20,IA
1966,5/4/2025,1099,2092,402,2,1157.3,17,TX
1967,5/4/2025,1054,2011,403,2,327.79,25,MO
1968,5/4/2025,1193,2081,402,0,2238.66,10,MN
1969,5/4/2025,1007,2069,403,1,836.6,5,IA
1970,5/4/2025,1198,2038,404,0,1853.02,20,TX
1971,5/4/2025,1187,2007,403,2,466.71,5,MO
1972,5/4/2025,1160,2064,403,0,1176.16,10,MN
1973,5/4/2025,1012,2096,401,3,672.18,60,IA
1974,5/4/2025,1076,2073,401,3,499.43,50,TX
1975,5/4/2025,1086,2030,402,2,407.93,25,MO
1976,5/4/2025,1076,2036,402,3,217.98,1,MN
1977,5/4/2025,1133,2094,402,0,1973.4,20,IA
1978,5/4/2025,1083,2066,402,2,1238.54,17,TX
1979,5/4/2025,1116,2012,402,3,0,25,MO
1980,5/4/2025,1105,2010,401,0,155.68,10,MN
1981,5/4/2025,1108,2016,404,1,872.15,5,IA
1982,5/4/2025,1114,2009,403,3,198.93,20,TX
1983,5/4/2025,1150,2071,404,2,492.13,5,MO
1984,5/4/2025,1149,2063,404,3,2762.3,10,MN
1985,5/4/2025,1176,2062,404,1,557.42,60,IA
1986,5/4/2025,1036,2064,402,3,294.04,50,TX
1987,5/4/2025,1182,2058,402,0,0,25,MO
1988,5/4/2025,1177,2027,404,3,1034.44,1,MN
1989,5/4/2025,1008,2095,402,2,0,20,TX
1990,5/4/2025,1030,2077,404,0,1123.66,17,MO
1991,5/4/2025,1030,2047,403,0,334.98,25,MN
1992,5/4/2025,1133,2019,401,2,747.14,10,IA
1993,5/4/2025,1078,2047,403,2,535.97,5,TX
1994,5/4/2025,1124,2003,402,1,1386.65,20,MO
1995,5/4/2025,1005,2075,404,0,3122.56,5,MN
1996,5/4/2025,1078,2036,402,1,588.55,10,TX
1997,5/4/2025,1189,2062,401,0,2477.44,60,MO
1998,5/4/2025,1140,2044,401,0,207.58,50,MN
1999,5/4/2025,1106,2061,403,3,599.76,25,IA
2000,5/4/2025,1086,2048,404,1,321.87,1,TX
6,5/4/2025,1089,2028,401,0,1275.88,0,MO
